年龄,偏好
18-25岁,注重口味
18-25岁,注重口味
18-25岁,注重口味
18-25岁,注重口味
18-25岁,注重口味
18-25岁,注重口味
18-25岁,注重口味
36-45岁,注重口味
26-35岁,注重口味
18-25岁,注重口味
18-25岁,注重口味
18-25岁,注重口味
18-25岁,注重口味
18-25岁,注重口味
18-25岁,注重口味
18-25岁,注重口味
18-25岁,注重口味
18-25岁,注重口味
18-25岁,注重口味
18-25岁,注重口味
18-25岁,注重口味
18-25岁,注重口味
18-25岁,注重口味
18-25岁,注重口味
18-25岁,注重口味
18-25岁,注重口味
18-25岁,注重口味
18-25岁,注重口味
18-25岁,注重口味
18-25岁,注重口味
18-25岁,注重口味
18-25岁,注重口味
18-25岁,注重口味
18-25岁,注重口味
18-25岁,注重口味
18-25岁,注重口味
18-25岁,注重口味
18-25岁,注重口味
45岁以上,注重口味
18-25岁,注重口味
18-25岁,注重口味
18-25岁,注重口味
18-25岁,注重口味
18-25岁,注重口味
18-25岁,注重口味
45岁以上,注重口味
18-25岁,注重口味
18-25岁,注重口味
18-25岁,注重口味
18-25岁,注重口味
18-25岁,注重口味
18-25岁,注重口味
18-25岁,注重口味
18-25岁,注重口味
18-25岁,注重口味
18-25岁,注重口味
18-25岁,注重口味
18-25岁,注重口味
18-25岁,注重口味
18-25岁,注重口味
18-25岁,注重口味
18-25岁,注重口味
18-25岁,注重口味
18-25岁,注重口味
18-25岁,注重口味
18-25岁,注重口味
18-25岁,注重口味
18-25岁,注重口味
18-25岁,注重口味
18-25岁,注重口味
18-25岁,注重口味
18-25岁,注重口味
18-25岁,注重口味
18-25岁,注重口味
18-25岁,注重口味
18-25岁,注重口味
18-25岁,注重口味
18-25岁,注重口味
18-25岁,注重口味
18-25岁,注重口味
18-25岁,注重口味
26-35岁,注重口味
26-35岁,注重口味
18-25岁,注重口味
45岁以上,注重口味
26-35岁,注重口味
26-35岁,注重口味
18-25岁,注重口味
26-35岁,注重口味
18-25岁,注重口味
18-25岁,注重口味
18-25岁,注重口味
26-35岁,注重口味
18岁以下,注重口味
18-25岁,注重口味
18岁以下,注重口味
26-35岁,注重口味
26-35岁,注重口味
26-35岁,注重口味
18-25岁,注重口味
36-45岁,注重口味
26-35岁,注重口味
26-35岁,注重口味
26-35岁,注重口味
18-25岁,注重口味
18-25岁,注重口味
26-35岁,注重口味
18-25岁,注重口味
18-25岁,注重口味
18-25岁,注重口味
18-25岁,注重口味
18-25岁,注重口味
18岁以下,注重口味
26-35岁,注重口味
26-35岁,注重口味
18岁以下,注重口味
18-25岁,注重口味
18-25岁,注重口味
18-25岁,注重口味
18-25岁,注重口味
26-35岁,注重口味
26-35岁,注重口味
18-25岁,注重口味
18-25岁,注重口味
26-35岁,注重口味
45岁以上,注重口味
26-35岁,注重口味
18-25岁,注重口味
26-35岁,注重口味
26-35岁,注重口味
26-35岁,注重口味
26-35岁,注重口味
18-25岁,注重口味
18岁以下,注重口味
18-25岁,注重口味
18-25岁,注重口味
26-35岁,注重口味
18岁以下,注重口味
26-35岁,注重口味
26-35岁,注重口味
36-45岁,注重口味
18-25岁,注重口味
26-35岁,注重口味
18-25岁,注重口味
26-35岁,注重口味
18-25岁,注重口味
18-25岁,注重口味
26-35岁,注重口味
18-25岁,注重口味
26-35岁,注重口味
26-35岁,注重口味
18-25岁,注重口味
26-35岁,注重口味
26-35岁,注重口味
18-25岁,注重口味
26-35岁,注重口味
18-25岁,注重口味
18-25岁,注重口味
18-25岁,注重口味
18岁以下,注重口味
36-45岁,注重口味
18-25岁,注重口味
18-25岁,注重口味
18-25岁,注重口味
18-25岁,注重口味
18-25岁,注重口味
18-25岁,注重口味
36-45岁,注重口味
26-35岁,注重口味
45岁以上,注重口味
18-25岁,注重口味
18-25岁,注重口味
18-25岁,注重口味
26-35岁,注重口味
18-25岁,注重口味
18岁以下,注重口味
26-35岁,注重口味
18-25岁,注重口味
26-35岁,注重口味
18-25岁,注重口味
18-25岁,注重口味
18-25岁,注重口味
36-45岁,注重口味
18-25岁,注重口味
18-25岁,注重口味
18-25岁,注重口味
18岁以下,注重口味
36-45岁,注重口味
26-35岁,注重口味
18-25岁,注重口味
26-35岁,注重口味
18-25岁,注重口味
18-25岁,注重口味
26-35岁,注重口味
18岁以下,注重口味
18-25岁,注重口味
36-45岁,注重口味
26-35岁,注重口味
18-25岁,注重口味
18-25岁,注重口味
26-35岁,注重口味
26-35岁,注重口味
18-25岁,注重口味
26-35岁,注重口味
18-25岁,注重口味
26-35岁,注重口味
26-35岁,注重口味
26-35岁,注重口味
18-25岁,注重口味
26-35岁,注重口味
26-35岁,注重口味
18-25岁,注重口味
26-35岁,注重口味
26-35岁,注重口味
18-25岁,注重口味
26-35岁,注重口味
18-25岁,注重口味
26-35岁,注重口味
26-35岁,注重口味
26-35岁,注重口味
18-25岁,注重口味
26-35岁,注重口味
26-35岁,注重口味
26-35岁,注重口味
18-25岁,注重口味
26-35岁,注重口味
18-25岁,注重口味
26-35岁,注重口味
26-35岁,注重口味
26-35岁,注重口味
18-25岁,注重口味
26-35岁,注重口味
26-35岁,注重口味
26-35岁,注重口味
18岁以下,注重口味
18-25岁,注重口味
26-35岁,注重口味
26-35岁,注重口味
36-45岁,注重口味
18-25岁,注重口味
26-35岁,注重口味
18-25岁,注重口味
18-25岁,注重口味
18-25岁,注重口味
26-35岁,注重口味
26-35岁,注重口味
26-35岁,注重口味
18-25岁,注重口味
26-35岁,注重口味
18-25岁,注重品牌
18-25岁,注重品牌
18-25岁,注重品牌
18-25岁,注重品牌
18-25岁,注重品牌
18-25岁,注重品牌
18-25岁,注重品牌
18-25岁,注重品牌
18岁以下,注重品牌
18-25岁,注重品牌
18-25岁,注重品牌
18-25岁,注重品牌
18-25岁,注重品牌
18-25岁,注重品牌
18-25岁,注重品牌
18-25岁,注重品牌
18-25岁,注重品牌
18-25岁,注重品牌
18-25岁,注重品牌
18-25岁,注重品牌
18-25岁,注重品牌
18-25岁,注重品牌
18-25岁,注重品牌
18-25岁,注重品牌
18-25岁,注重品牌
18-25岁,注重品牌
45岁以上,注重品牌
18-25岁,注重品牌
18-25岁,注重品牌
18-25岁,注重品牌
26-35岁,注重品牌
18-25岁,注重品牌
18-25岁,注重品牌
45岁以上,注重品牌
18-25岁,注重品牌
18-25岁,注重品牌
18-25岁,注重品牌
18-25岁,注重品牌
18-25岁,注重品牌
18-25岁,注重品牌
18-25岁,注重品牌
18-25岁,注重品牌
45岁以上,注重品牌
18-25岁,注重品牌
18-25岁,注重品牌
18-25岁,注重品牌
18-25岁,注重品牌
26-35岁,注重品牌
18-25岁,注重品牌
18-25岁,注重品牌
18-25岁,注重品牌
18-25岁,注重品牌
45岁以上,注重品牌
26-35岁,注重品牌
26-35岁,注重品牌
18-25岁,注重品牌
36-45岁,注重品牌
18-25岁,注重品牌
18-25岁,注重品牌
18-25岁,注重品牌
18-25岁,注重品牌
36-45岁,注重品牌
18-25岁,注重品牌
18-25岁,注重品牌
18-25岁,注重品牌
18-25岁,注重品牌
18-25岁,注重品牌
18-25岁,注重品牌
45岁以上,注重品牌
18-25岁,注重品牌
18-25岁,注重品牌
18-25岁,注重品牌
18-25岁,注重品牌
18-25岁,注重品牌
45岁以上,注重品牌
36-45岁,注重品牌
36-45岁,注重品牌
26-35岁,注重品牌
36-45岁,注重品牌
18-25岁,注重品牌
36-45岁,注重品牌
18-25岁,注重品牌
26-35岁,注重品牌
18-25岁,注重品牌
18-25岁,注重品牌
18-25岁,注重品牌
45岁以上,注重品牌
18-25岁,注重品牌
36-45岁,注重品牌
45岁以上,注重品牌
18-25岁,注重品牌
18-25岁,注重品牌
18-25岁,注重品牌
26-35岁,注重品牌
36-45岁,注重品牌
45岁以上,注重品牌
45岁以上,注重品牌
18-25岁,注重品牌
18-25岁,注重品牌
18-25岁,注重品牌
18-25岁,注重品牌
18-25岁,注重品牌
18-25岁,注重品牌
18-25岁,注重品牌
36-45岁,注重品牌
45岁以上,注重品牌
18-25岁,注重品牌
18-25岁,注重品牌
18-25岁,注重品牌
18-25岁,注重品牌
18-25岁,注重品牌
18-25岁,注重品牌
18-25岁,注重品牌
18-25岁,注重品牌
18-25岁,注重品牌
18-25岁,注重品牌
18-25岁,注重品牌
18-25岁,注重品牌
18-25岁,注重品牌
18-25岁,注重品牌
18-25岁,注重品牌
18-25岁,注重品牌
18-25岁,注重品牌
18-25岁,注重品牌
18-25岁,注重品牌
18-25岁,注重品牌
18-25岁,注重品牌
18-25岁,注重品牌
18-25岁,注重品牌
18-25岁,注重品牌
18-25岁,注重品牌
18-25岁,注重品牌
18-25岁,注重品牌
18-25岁,注重品牌
18-25岁,注重品牌
18-25岁,注重品牌
18-25岁,注重品牌
18-25岁,注重品牌
18-25岁,注重品牌
18-25岁,注重品牌
18-25岁,注重品牌
18-25岁,注重品牌
26-35岁,注重品牌
18-25岁,注重品牌
18-25岁,注重品牌
18-25岁,注重品牌
18-25岁,注重品牌
18-25岁,注重品牌
18-25岁,注重品牌
18-25岁,注重品牌
18-25岁,注重品牌
18-25岁,注重品牌
18-25岁,注重品牌
18-25岁,注重品牌
18-25岁,注重品牌
18-25岁,注重品牌
18-25岁,注重品牌
18-25岁,注重品牌
18-25岁,注重品牌
18-25岁,注重品牌
18岁以下,注重品牌
18-25岁,注重品牌
18-25岁,注重品牌
18-25岁,注重品牌
18-25岁,注重品牌
18-25岁,注重品牌
18-25岁,注重品牌
18-25岁,注重品牌
18-25岁,注重品牌
18-25岁,注重品牌
18-25岁,注重品牌
18-25岁,注重品牌
18-25岁,注重品牌
18岁以下,注重品牌
18-25岁,注重品牌
18-25岁,注重品牌
18-25岁,注重品牌
18岁以下,注重品牌
18-25岁,注重品牌
18-25岁,注重品牌
18-25岁,注重品牌
18-25岁,注重品牌
18-25岁,注重品牌
45岁以上,注重品牌
18-25岁,注重品牌
18-25岁,注重品牌
45岁以上,注重品牌
18岁以下,注重品牌
26-35岁,注重品牌
18-25岁,注重品牌
26-35岁,注重品牌
26-35岁,注重品牌
18-25岁,注重品牌
26-35岁,注重品牌
18岁以下,注重品牌
18-25岁,注重品牌
18-25岁,注重品牌
18-25岁,注重品牌
26-35岁,注重品牌
18-25岁,注重品牌
26-35岁,注重品牌
36-45岁,注重品牌
26-35岁,注重品牌
26-35岁,注重品牌
26-35岁,注重品牌
18岁以下,注重品牌
26-35岁,注重品牌
18-25岁,注重品牌
26-35岁,注重品牌
26-35岁,注重品牌
18-25岁,注重品牌
18-25岁,注重品牌
26-35岁,注重品牌
18-25岁,注重品牌
18-25岁,注重品牌
18-25岁,注重品牌
26-35岁,注重品牌
18-25岁,注重品牌
18-25岁,注重品牌
18-25岁,注重品牌
18-25岁,注重品牌
26-35岁,注重品牌
18-25岁,注重品牌
26-35岁,注重品牌
18-25岁,注重品牌
26-35岁,注重品牌
18-25岁,注重品牌
26-35岁,注重品牌
26-35岁,注重品牌
26-35岁,注重品牌
26-35岁,注重品牌
36-45岁,注重品牌
26-35岁,注重品牌
36-45岁,注重品牌
26-35岁,注重品牌
18-25岁,注重品牌
26-35岁,注重品牌
26-35岁,注重品牌
45岁以上,注重品牌
26-35岁,注重品牌
26-35岁,注重品牌
26-35岁,注重品牌
45岁以上,注重品牌
18-25岁,注重品牌
18-25岁,注重品牌
26-35岁,注重品牌
36-45岁,注重品牌
18-25岁,注重品牌
26-35岁,注重品牌
18-25岁,注重品牌
26-35岁,注重品牌
18-25岁,注重品牌
26-35岁,注重品牌
26-35岁,注重品牌
26-35岁,注重品牌
26-35岁,注重品牌
36-45岁,注重品牌
26-35岁,注重品牌
45岁以上,注重品牌
26-35岁,注重品牌
18-25岁,注重品牌
18-25岁,注重品牌
18-25岁,注重品牌
26-35岁,注重品牌
18-25岁,注重品牌
18-25岁,注重品牌
26-35岁,注重品牌
36-45岁,注重品牌
18-25岁,注重品牌
26-35岁,注重品牌
26-35岁,注重品牌
18-25岁,注重品牌
26-35岁,注重品牌
18-25岁,注重品牌
26-35岁,注重品牌
18-25岁,注重品牌
26-35岁,注重品牌
26-35岁,注重品牌
26-35岁,注重品牌
26-35岁,注重品牌
26-35岁,注重品牌
18岁以下,注重品牌
26-35岁,注重品牌
18-25岁,注重品牌
26-35岁,注重品牌
26-35岁,注重品牌
18-25岁,注重品牌
26-35岁,注重品牌
18-25岁,注重品牌
18-25岁,注重品牌
45岁以上,注重品牌
18-25岁,注重品牌
18-25岁,注重品牌
26-35岁,注重品牌
18-25岁,注重品牌
26-35岁,注重品牌
26-35岁,注重品牌
26-35岁,注重品牌
26-35岁,注重品牌
18-25岁,注重品牌
36-45岁,注重品牌
26-35岁,注重品牌
18-25岁,注重品牌
36-45岁,注重品牌
26-35岁,注重品牌
45岁以上,注重品牌
18-25岁,注重品牌
26-35岁,注重品牌
18-25岁,注重品牌
18-25岁,注重品牌
36-45岁,注重品牌
26-35岁,注重品牌
36-45岁,注重品牌
18-25岁,注重品牌
18岁以下,注重品牌
26-35岁,注重品牌
26-35岁,注重品牌
26-35岁,注重品牌
26-35岁,注重品牌
18-25岁,注重品牌
36-45岁,注重品牌
18-25岁,注重品牌
26-35岁,注重品牌
26-35岁,注重品牌
26-35岁,注重品牌
26-35岁,注重品牌
26-35岁,注重品牌
18-25岁,注重品牌
36-45岁,注重品牌
18-25岁,注重品牌
18-25岁,注重品牌
18-25岁,注重品牌
45岁以上,注重品牌
18-25岁,注重品牌
26-35岁,注重品牌
26-35岁,注重品牌
18-25岁,注重品牌
26-35岁,注重品牌
26-35岁,注重品牌
26-35岁,注重品牌
26-35岁,注重品牌
26-35岁,注重品牌
45岁以上,注重品牌
26-35岁,注重品牌
26-35岁,注重品牌
26-35岁,注重品牌
26-35岁,注重品牌
18-25岁,注重品牌
18-25岁,注重品牌
26-35岁,注重品牌
36-45岁,注重品牌
26-35岁,注重品牌
18岁以下,注重品牌
26-35岁,注重品牌
18-25岁,注重品牌
26-35岁,注重品牌
18-25岁,注重品牌
26-35岁,注重品牌
26-35岁,注重品牌
26-35岁,注重品牌
26-35岁,注重品牌
26-35岁,注重品牌
26-35岁,注重品牌
26-35岁,注重品牌
26-35岁,注重品牌
26-35岁,注重品牌
18-25岁,注重品牌
26-35岁,注重品牌
26-35岁,注重品牌
26-35岁,注重品牌
26-35岁,注重品牌
36-45岁,注重品牌
45岁以上,注重品牌
26-35岁,注重品牌
26-35岁,注重品牌
26-35岁,注重品牌
18-25岁,注重品牌
36-45岁,注重品牌
26-35岁,注重品牌
18-25岁,注重品牌
36-45岁,注重品牌
18-25岁,注重品牌
36-45岁,注重品牌
26-35岁,注重品牌
26-35岁,注重品牌
18-25岁,注重品牌
18-25岁,注重品牌
18-25岁,注重品牌
18-25岁,注重品牌
26-35岁,注重品牌
18-25岁,注重品牌
26-35岁,注重品牌
26-35岁,注重品牌
18-25岁,注重品牌
18-25岁,注重品牌
26-35岁,注重品牌
18-25岁,注重品牌
18-25岁,注重品牌
26-35岁,注重品牌
26-35岁,注重品牌
26-35岁,注重品牌
26-35岁,注重品牌
45岁以上,注重品牌
18-25岁,注重品牌
26-35岁,注重品牌
18岁以下,注重品牌
26-35岁,注重品牌
26-35岁,注重品牌
26-35岁,注重品牌
18-25岁,注重品牌
26-35岁,注重品牌
36-45岁,注重品牌
36-45岁,注重品牌
18岁以下,注重品牌
18-25岁,注重品牌
26-35岁,注重品牌
26-35岁,注重品牌
26-35岁,注重品牌
18-25岁,注重品牌
18-25岁,注重品牌
18-25岁,注重品牌
18岁以下,注重品牌
26-35岁,注重品牌
18-25岁,注重品牌
18-25岁,注重品牌
18-25岁,注重品牌
18-25岁,注重品牌
18-25岁,注重品牌
18-25岁,注重品牌
45岁以上,注重品牌
18-25岁,注重品牌
18岁以下,注重品牌
26-35岁,注重品牌
26-35岁,注重品牌
26-35岁,注重品牌
26-35岁,注重品牌
18-25岁,注重品牌
18-25岁,注重品牌
18-25岁,注重品牌
26-35岁,注重品牌
18-25岁,注重品牌
45岁以上,注重品牌
36-45岁,注重品牌
26-35岁,注重品牌
26-35岁,注重品牌
36-45岁,注重品牌
18-25岁,注重品牌
36-45岁,注重品牌
18-25岁,注重品牌
45岁以上,注重品牌
45岁以上,注重品牌
36-45岁,注重品牌
26-35岁,注重品牌
18-25岁,注重品牌
18-25岁,注重品牌
18-25岁,注重品牌
26-35岁,注重品牌
26-35岁,注重品牌
36-45岁,注重品牌
26-35岁,注重品牌
36-45岁,注重品牌
18-25岁,注重品牌
26-35岁,注重品牌
18-25岁,注重品牌
26-35岁,注重品牌
18-25岁,注重品牌
26-35岁,注重品牌
18-25岁,注重品牌
26-35岁,注重品牌
26-35岁,注重品牌
36-45岁,注重品牌
26-35岁,注重品牌
36-45岁,注重品牌
18-25岁,注重品牌
26-35岁,注重品牌
26-35岁,注重品牌
26-35岁,注重品牌
26-35岁,注重品牌
26-35岁,注重品牌
26-35岁,注重品牌
18-25岁,注重品牌
26-35岁,注重品牌
18-25岁,注重品牌
18-25岁,注重品牌
26-35岁,注重品牌
18-25岁,注重品牌
26-35岁,注重品牌
26-35岁,注重品牌
18-25岁,注重品牌
18-25岁,注重品牌
18-25岁,注重品牌
26-35岁,注重品牌
18-25岁,注重品牌
18岁以下,注重品牌
26-35岁,注重品牌
18-25岁,注重品牌
18-25岁,注重品牌
26-35岁,注重品牌
18-25岁,注重品牌
18-25岁,注重品牌
26-35岁,注重品牌
26-35岁,注重品牌
18-25岁,注重品牌
26-35岁,注重品牌
18-25岁,注重品牌
26-35岁,注重品牌
18-25岁,注重品牌
18-25岁,注重品牌
18-25岁,注重品牌
18-25岁,注重品牌
18-25岁,注重品牌
26-35岁,注重品牌
18岁以下,注重品牌
26-35岁,注重品牌
18-25岁,注重品牌
36-45岁,注重品牌
26-35岁,注重品牌
36-45岁,注重品牌
26-35岁,注重品牌
26-35岁,注重品牌
26-35岁,注重品牌
18-25岁,注重品牌
26-35岁,注重品牌
26-35岁,注重品牌
36-45岁,注重品牌
26-35岁,注重品牌
18-25岁,注重品牌
26-35岁,注重品牌
36-45岁,注重品牌
18-25岁,注重品牌
26-35岁,注重品牌
