1、您的性别？,2、您的年龄？,3、您是否了解预制菜？,4、平时就餐您更倾向于选择哪种？,5、您上一题选择此答案的原因是,6、您食用开封后就能吃的即食食品的频率？,7、您食用加热后就能吃的即热食品的频率？,8、您食用还需下锅烹饪才能吃的即烹食品的频率？,9、您购买切好清洗好的肉或蔬菜这种即配食品的频率？,10、预制菜作为近年来餐饮行业发展的一种形式，您能接受的价格为多少？,11、您更倾向通过何种方式购买预制菜,12、如果您选择购买预制菜作为您的正餐，会更注重品牌吗？,13、您听说过或购买过哪些预制菜的品牌？,14、针对预制菜的发展，您认为以下哪个问题急需要被改善或者解决？,15、预制菜的未来还需时间的检验，请您就预制菜的发展提出宝贵的意见和建议。
女,18-25岁,不了解,堂食|买菜做饭,价格实惠|干净卫生|时间上便捷,几乎不,约一个月一次,几乎不,约一个礼拜一次,20-30元|30-40元,电商平台|堂食门店|熟食店,不会，更注重口味。,自嗨锅|海底捞,菜品种类问题|食品安全问题,不太懂诶，不常吃
男,18-25岁,不了解,堂食|打包自提,价格实惠|干净卫生|地点上方便|时间上便捷,几乎不,几乎不,约一个礼拜一次,几乎每天,20-30元,生鲜超市|熟食店,不会，更注重口味。,自嗨锅|海底捞,价格问题|菜品种类问题|食品安全问题|购买配送问题,无
女,18-25岁,不了解,堂食,价格实惠|干净卫生|时间上便捷,约一个月一次,约一个月一次,几乎不,几乎不,20-30元,电商平台,会，大品牌放心可靠。,自嗨锅|西贝|海底捞,菜品种类问题|食品安全问题,无
男,18-25岁,了解,堂食|外卖|买菜做饭,口味多样|地点上方便|时间上便捷,几乎不,约一个月一次,几乎每天,几乎每天,10-20元|20-30元,生鲜超市|电商平台|堂食门店|熟食店,会，大品牌放心可靠。,自嗨锅|西贝|海底捞,价格问题|菜品种类问题|食品安全问题|购买配送问题,注重食品安全
女,18-25岁,不了解,堂食|外卖,价格实惠|口味多样|地点上方便|时间上便捷,几乎每天,几乎不,几乎不,几乎不,40元及以上,生鲜超市|电商平台,会，大品牌放心可靠。,自嗨锅|京东生鲜|海底捞,价格问题|食品安全问题|购买配送问题,价格，市场，食品安全等方面吧，我不太了解。
女,18-25岁,不了解,堂食|打包自提|买菜做饭,干净卫生|地点上方便|时间上便捷,约一个月一次,几乎不,几乎每天,几乎不,20-30元|30-40元,生鲜超市|电商平台,会，大品牌放心可靠。,自嗨锅|西贝|京东生鲜|海底捞,价格问题|菜品种类问题|食品安全问题,食品安全是第一要素
男,18-25岁,不了解,堂食,价格实惠,几乎每天,几乎不,几乎不,几乎不,10-20元,生鲜超市|电商平台,会，大品牌放心可靠。,自嗨锅|京东生鲜|海底捞,食品安全问题,里面多整点儿肉
女,18-25岁,不了解,堂食|外卖|方便面类食品,口味多样|时间上便捷,约一个礼拜一次,约一个礼拜一次,约一个礼拜一次,约一个月一次,20-30元,生鲜超市|电商平台,会，大品牌放心可靠。,正大|自嗨锅|京东生鲜|海底捞,价格问题|菜品种类问题|食品安全问题|购买配送问题,无
女,18-25岁,不了解,堂食,价格实惠,几乎不,几乎不,几乎不,几乎不,10-20元,熟食店,会，大品牌放心可靠。,海底捞,食品安全问题,无
男,18-25岁,不了解,堂食|外卖,价格实惠|干净卫生,几乎每天,约一个月一次,几乎不,约一个月一次,10-20元,堂食门店|熟食店,不会，更注重口味。,正大|自嗨锅|京东生鲜,食品安全问题|购买配送问题,无
女,18-25岁,不了解,堂食,价格实惠|干净卫生|地点上方便,约一个礼拜一次,几乎不,几乎不,几乎不,20-30元|30-40元,生鲜超市|熟食店,会，大品牌放心可靠。,其他,价格问题|食品安全问题,希望可以注重食品安全
女,18-25岁,不了解,堂食|买菜做饭,口味多样|干净卫生,约一个礼拜一次,约一个礼拜一次,几乎每天,几乎不,10-20元,生鲜超市,不会，更注重口味。,自嗨锅|海底捞,食品安全问题,无
女,18岁以下,了解,堂食,口味多样,约一个礼拜一次,约一个礼拜一次,约一个礼拜一次,几乎每天,20-30元,生鲜超市|堂食门店,会，大品牌放心可靠。,正大|自嗨锅|海底捞,菜品种类问题|食品安全问题|购买配送问题,多发展产品
男,18-25岁,了解,堂食|外卖,干净卫生|地点上方便|时间上便捷,约一个礼拜一次,约一个月一次,几乎不,几乎不,10-20元,生鲜超市,会，大品牌放心可靠。,正大|自嗨锅|西贝|京东生鲜,食品安全问题,无
女,18-25岁,不了解,堂食|买菜做饭,口味多样|干净卫生,约一个礼拜一次,约一个礼拜一次,几乎每天,几乎每天,10-20元|20-30元,生鲜超市|电商平台|堂食门店|熟食店,不会，更注重口味。,自嗨锅|海底捞,食品安全问题,希望注重干净卫生味道佳价格合适
女,18-25岁,不了解,堂食|外卖|买菜做饭,口味多样|干净卫生|地点上方便,约一个礼拜一次,约一个礼拜一次,约一个礼拜一次,几乎不,20-30元|30-40元,生鲜超市|电商平台,会，大品牌放心可靠。,自嗨锅|海底捞,菜品种类问题|食品安全问题|购买配送问题,口味可以更多一些，食品安全问题也要重视
男,18-25岁,不了解,堂食|外卖|打包自提|买菜做饭,价格实惠|口味多样|时间上便捷,约一个礼拜一次,约一个月一次,约一个礼拜一次,约一个礼拜一次,10-20元|20-30元|30-40元,生鲜超市|熟食店,会，大品牌放心可靠。,自嗨锅|京东生鲜|海底捞|其他,价格问题|菜品种类问题|食品安全问题,无
女,18-25岁,不了解,堂食|买菜做饭,干净卫生|地点上方便,几乎每天,约一个礼拜一次,约一个礼拜一次,几乎每天,20-30元,生鲜超市|电商平台,会，大品牌放心可靠。,自嗨锅|京东生鲜|海底捞,菜品种类问题|食品安全问题,无
男,18-25岁,不了解,堂食,价格实惠|地点上方便,几乎每天,约一个礼拜一次,几乎不,几乎不,20-30元,生鲜超市|电商平台|熟食店,不会，更注重口味。,自嗨锅|海底捞,菜品种类问题,增加品种
男,18-25岁,了解,外卖|买菜做饭,干净卫生|时间上便捷,几乎每天,几乎每天,几乎每天,约一个礼拜一次,10-20元,电商平台,会，大品牌放心可靠。,自嗨锅|海底捞,食品安全问题,提高产品质量，注重食品安全
男,18-25岁,不了解,堂食|外卖,地点上方便,几乎不,几乎不,几乎不,几乎不,10-20元,电商平台,会，大品牌放心可靠。,正大,食品安全问题,无
男,18-25岁,了解,堂食|外卖,干净卫生|地点上方便|时间上便捷,约一个礼拜一次,约一个礼拜一次,几乎每天,几乎每天,20-30元|30-40元,生鲜超市|电商平台|堂食门店|熟食店,会，大品牌放心可靠。,自嗨锅|西贝|海底捞,食品安全问题,希望菜品能得到保障
男,18-25岁,不了解,堂食|外卖|方便面类食品,价格实惠|口味多样|地点上方便|时间上便捷,约一个礼拜一次,几乎不,约一个月一次,几乎不,20-30元,生鲜超市|堂食门店,会，大品牌放心可靠。,自嗨锅|海底捞,菜品种类问题|食品安全问题|购买配送问题,方便卫生
女,18-25岁,不了解,堂食|外卖|方便面类食品,地点上方便|时间上便捷,约一个礼拜一次,约一个礼拜一次,约一个礼拜一次,约一个礼拜一次,20-30元,电商平台|堂食门店,会，大品牌放心可靠。,自嗨锅|海底捞,菜品种类问题|食品安全问题,卫生安全问题
女,18-25岁,了解,堂食|外卖|打包自提|方便面类食品,价格实惠|地点上方便|时间上便捷,约一个礼拜一次,几乎不,几乎不,几乎不,10-20元|20-30元,生鲜超市|电商平台,会，大品牌放心可靠。,知味观|正大|自嗨锅|海底捞,食品安全问题,价格相比平常堂食较高，可以适当降价
男,18-25岁,了解,堂食,干净卫生,约一个礼拜一次,几乎不,几乎每天,几乎不,10-20元,生鲜超市,会，大品牌放心可靠。,自嗨锅|京东生鲜|海底捞,食品安全问题,注重食品安全
女,18-25岁,了解,堂食|外卖|买菜做饭,干净卫生|时间上便捷,几乎每天,几乎不,几乎不,几乎不,10-20元|20-30元,生鲜超市|熟食店,会，大品牌放心可靠。,自嗨锅|海底捞,食品安全问题,食品安全和口味都很重要
男,18-25岁,了解,堂食|打包自提,口味多样|地点上方便,约一个月一次,约一个月一次,约一个月一次,几乎每天,10-20元|20-30元,电商平台|堂食门店,会，大品牌放心可靠。,知味观|自嗨锅|西贝,菜品种类问题|食品安全问题|购买配送问题,无
男,18-25岁,了解,堂食|买菜做饭,价格实惠|干净卫生|时间上便捷,几乎每天,约一个礼拜一次,几乎每天,几乎每天,20-30元,生鲜超市,会，大品牌放心可靠。,自嗨锅|西贝|京东生鲜|海底捞,食品安全问题|购买配送问题,在包装的品控方面提升，减轻环境负担同时提升食品安全
男,18-25岁,了解,买菜做饭,价格实惠|口味多样,约一个月一次,约一个月一次,几乎每天,几乎每天,10-20元,电商平台,会，大品牌放心可靠。,自嗨锅,价格问题|食品安全问题,-. ---
男,18-25岁,不了解,堂食,口味多样|地点上方便|时间上便捷,约一个月一次,几乎不,几乎不,几乎不,10-20元,堂食门店|熟食店,会，大品牌放心可靠。,自嗨锅|海底捞,价格问题|菜品种类问题|食品安全问题|购买配送问题,无
女,18-25岁,不了解,堂食,价格实惠,几乎每天,几乎每天,几乎每天,几乎每天,10-20元,生鲜超市,会，大品牌放心可靠。,知味观,价格问题,无
女,18-25岁,不了解,堂食,地点上方便|时间上便捷,几乎不,几乎不,约一个月一次,几乎每天,30-40元|40元及以上,生鲜超市|电商平台|堂食门店|熟食店,不会，更注重口味。,自嗨锅|海底捞,食品安全问题,不要走康师傅老路
女,45岁以上,不了解,买菜做饭,价格实惠|干净卫生,约一个礼拜一次,约一个礼拜一次,几乎不,几乎不,20-30元,熟食店,会，大品牌放心可靠。,自嗨锅|京东生鲜,价格问题|食品安全问题|购买配送问题,价格更实惠
女,18-25岁,了解,堂食|预制菜|买菜做饭|方便面类食品,价格实惠|地点上方便|时间上便捷,约一个礼拜一次,约一个月一次,约一个礼拜一次,约一个月一次,10-20元|20-30元|30-40元,生鲜超市|熟食店,会，大品牌放心可靠。,自嗨锅|海底捞,食品安全问题,emm，预制菜种类越来越多，这一点非常棒。但是超市什么的卖的种类不太多，可以稍微发展一下，毕竟回家顺路去超市买东西的人还是蛮多的。
男,18-25岁,不了解,外卖,口味多样|干净卫生,几乎每天,几乎每天,约一个礼拜一次,几乎每天,30-40元|40元及以上,电商平台,会，大品牌放心可靠。,自嗨锅|海底捞,价格问题,需要更多时间走进市场
男,18-25岁,了解,外卖|买菜做饭,价格实惠|干净卫生,约一个礼拜一次,几乎每天,几乎每天,约一个礼拜一次,10-20元|20-30元,生鲜超市|堂食门店|熟食店,会，大品牌放心可靠。,正大|自嗨锅|西贝|海底捞,价格问题|食品安全问题,更加健康   更加干净卫生
男,26-35岁,了解,外卖|打包自提,口味多样|干净卫生,约一个礼拜一次,约一个礼拜一次,约一个礼拜一次,约一个礼拜一次,20-30元,生鲜超市|电商平台,会，大品牌放心可靠。,正大|自嗨锅|京东生鲜,菜品种类问题|食品安全问题,无
女,18-25岁,了解,堂食|买菜做饭,价格实惠|口味多样|干净卫生,约一个礼拜一次,约一个月一次,几乎不,约一个礼拜一次,10-20元,生鲜超市|电商平台|堂食门店|熟食店,会，大品牌放心可靠。,自嗨锅|京东生鲜,价格问题|菜品种类问题|食品安全问题,提升营养
女,18-25岁,了解,堂食|预制菜|买菜做饭,价格实惠|口味多样|干净卫生|时间上便捷,约一个礼拜一次,约一个礼拜一次,几乎每天,约一个月一次,20-30元,生鲜超市|电商平台,会，大品牌放心可靠。,知味观|正大|自嗨锅,价格问题|菜品种类问题|食品安全问题,注重食品安全问题
女,45岁以上,不了解,堂食|买菜做饭,价格实惠|时间上便捷,约一个月一次,约一个月一次,约一个月一次,几乎不,20-30元,生鲜超市|堂食门店|熟食店,会，大品牌放心可靠。,自嗨锅|西贝|京东生鲜|海底捞,价格问题|菜品种类问题|食品安全问题,希望预制菜的价格还能偏低一点，更适合广大普通消费者。同时种类更丰富，营养更全面。
男,18-25岁,了解,堂食,价格实惠|干净卫生,约一个礼拜一次,约一个月一次,几乎每天,几乎每天,20-30元,堂食门店,会，大品牌放心可靠。,知味观,价格问题,多传播预制菜
男,18-25岁,了解,堂食|打包自提,口味多样|干净卫生|地点上方便|时间上便捷,约一个礼拜一次,几乎不,几乎每天,几乎不,20-30元,生鲜超市,会，大品牌放心可靠。,自嗨锅|海底捞,价格问题|菜品种类问题|食品安全问题,制作流程更加透明化 让消费者放心
女,18-25岁,不了解,外卖|买菜做饭,价格实惠|口味多样|干净卫生|地点上方便|时间上便捷,约一个月一次,几乎不,几乎不,几乎不,10-20元|20-30元,生鲜超市|电商平台,会，大品牌放心可靠。,自嗨锅|西贝|海底捞,价格问题|菜品种类问题,种类好像不多，以我所知道的就是像自嗨锅那种火锅类和煲仔饭类的，其次有的价格很高（比如肖战代言的那个我给忘了叫什么了）买这个的价格还不如点外卖
男,18-25岁,不了解,堂食|外卖|预制菜|买菜做饭,价格实惠|口味多样|干净卫生|地点上方便,约一个礼拜一次,约一个月一次,几乎不,几乎不,10-20元|20-30元,生鲜超市|电商平台|堂食门店,会，大品牌放心可靠。,知味观|自嗨锅|海底捞,价格问题|菜品种类问题|食品安全问题|购买配送问题,预制菜必须得健康，口味也要提升上来，价格不能太贵
女,18-25岁,了解,堂食|外卖|预制菜|买菜做饭,价格实惠|口味多样|地点上方便|时间上便捷,几乎每天,约一个礼拜一次,几乎每天,约一个月一次,20-30元,生鲜超市|电商平台,会，大品牌放心可靠。,知味观|自嗨锅,价格问题|菜品种类问题,食品安全
男,18-25岁,不了解,外卖,口味多样,约一个礼拜一次,几乎不,几乎每天,几乎不,20-30元,生鲜超市|电商平台|堂食门店|熟食店,会，大品牌放心可靠。,京东生鲜|海底捞,菜品种类问题|购买配送问题,推广不太够吧
女,18-25岁,不了解,堂食,口味多样|地点上方便|时间上便捷,约一个礼拜一次,几乎不,几乎不,几乎不,10-20元|20-30元,生鲜超市|堂食门店|熟食店,会，大品牌放心可靠。,自嗨锅,食品安全问题|购买配送问题,无
女,18-25岁,不了解,堂食|外卖|买菜做饭|方便面类食品,价格实惠|口味多样|干净卫生|时间上便捷,约一个礼拜一次,约一个礼拜一次,约一个礼拜一次,几乎不,20-30元,生鲜超市|堂食门店|熟食店,会，大品牌放心可靠。,知味观|京东生鲜|海底捞,价格问题|菜品种类问题|食品安全问题|购买配送问题,我会更偏向于保质期偏短的预制菜，因为在我看来可能添加剂会更少一些，我会给更放心，但是如果这样的话，电商的预制菜可能会因为保鲜等问题需要更多的配送费用
女,45岁以上,不了解,买菜做饭,价格实惠|干净卫生,几乎不,几乎不,几乎不,几乎不,10-20元,熟食店,会，大品牌放心可靠。,海底捞,价格问题,性价比高，价格合理，品质高。
男,18-25岁,了解,外卖|方便面类食品,价格实惠|口味多样|时间上便捷,约一个礼拜一次,几乎每天,几乎每天,约一个礼拜一次,10-20元|20-30元,生鲜超市|电商平台,会，大品牌放心可靠。,知味观,价格问题,调查口味偏好  做好饮食安全
男,18-25岁,了解,堂食,价格实惠|口味多样|干净卫生|地点上方便|时间上便捷,约一个月一次,约一个礼拜一次,几乎不,几乎不,20-30元,生鲜超市|电商平台,会，大品牌放心可靠。,正大|自嗨锅,价格问题|食品安全问题,，
女,18-25岁,不了解,堂食|买菜做饭,价格实惠|干净卫生,约一个月一次,约一个月一次,几乎每天,几乎不,10-20元,生鲜超市,会，大品牌放心可靠。,正大|自嗨锅|京东生鲜|海底捞,价格问题|菜品种类问题|食品安全问题,无
男,18-25岁,了解,堂食|买菜做饭|方便面类食品,价格实惠|口味多样,约一个礼拜一次,几乎不,几乎不,约一个礼拜一次,10-20元|20-30元,堂食门店|熟食店,会，大品牌放心可靠。,自嗨锅|京东生鲜|海底捞,食品安全问题|购买配送问题,菜品再加热有时控制不好时间和火候，而且有些热剩饭的感觉 会破坏菜的品相。
女,36-45岁,不了解,买菜做饭,干净卫生,几乎不,几乎不,约一个月一次,几乎不,10-20元,生鲜超市,不会，更注重口味。,海底捞,食品安全问题,干净卫生
男,26-35岁,了解,堂食|打包自提|买菜做饭,价格实惠|口味多样|干净卫生,约一个月一次,几乎不,几乎不,约一个月一次,30-40元,电商平台,会，大品牌放心可靠。,自嗨锅,菜品种类问题,无
男,18-25岁,不了解,堂食,价格实惠|口味多样|干净卫生,几乎每天,约一个礼拜一次,约一个礼拜一次,约一个礼拜一次,20-30元,电商平台,会，大品牌放心可靠。,正大,价格问题,无
男,18-25岁,不了解,堂食,价格实惠|地点上方便|时间上便捷,约一个月一次,几乎不,几乎不,几乎不,10-20元,生鲜超市|堂食门店|熟食店,会，大品牌放心可靠。,自嗨锅|海底捞,价格问题|菜品种类问题|食品安全问题|购买配送问题,首要的还是卫生，之后就是价格要合适。
女,18-25岁,了解,外卖|买菜做饭|方便面类食品,价格实惠|干净卫生|地点上方便|时间上便捷,约一个月一次,几乎不,几乎每天,几乎每天,20-30元|30-40元,电商平台|堂食门店|熟食店,会，大品牌放心可靠。,自嗨锅,价格问题,无
女,18-25岁,了解,堂食,地点上方便|时间上便捷,几乎不,几乎不,几乎不,几乎不,10-20元,生鲜超市|电商平台|堂食门店,会，大品牌放心可靠。,自嗨锅|海底捞,食品安全问题,希望他能蓬勃健康发展 给未来饮食提供一个优质又放心的选择
女,45岁以上,不了解,堂食|外卖|打包自提|买菜做饭,价格实惠|口味多样|干净卫生|地点上方便|时间上便捷,几乎不,几乎不,几乎每天,几乎不,20-30元,生鲜超市|堂食门店|熟食店,会，大品牌放心可靠。,京东生鲜|海底捞,价格问题|菜品种类问题|食品安全问题|购买配送问题,严控质量，方便配送
女,26-35岁,不了解,堂食|外卖|买菜做饭|方便面类食品,口味多样|地点上方便|时间上便捷,约一个月一次,几乎不,几乎不,几乎不,10-20元,生鲜超市,不会，更注重口味。,正大,价格问题|菜品种类问题|食品安全问题|购买配送问题,无
女,26-35岁,不了解,堂食,口味多样|地点上方便|时间上便捷,约一个礼拜一次,约一个礼拜一次,几乎每天,几乎不,10-20元,生鲜超市|电商平台,会，大品牌放心可靠。,西贝|京东生鲜,价格问题|菜品种类问题,预制菜的特点和优点需要更大力度宣传
女,26-35岁,不了解,堂食|买菜做饭,价格实惠|口味多样|干净卫生|地点上方便|时间上便捷,约一个月一次,几乎不,几乎每天,几乎不,10-20元|20-30元|30-40元|40元及以上,生鲜超市|熟食店,会，大品牌放心可靠。,京东生鲜|海底捞|其他,价格问题|菜品种类问题|食品安全问题|购买配送问题,健康卫生是第一要领。其次味道要好，物美价廉，配送方便。
女,18-25岁,不了解,堂食|外卖|打包自提|方便面类食品,口味多样|干净卫生|地点上方便|时间上便捷,约一个礼拜一次,约一个月一次,几乎不,约一个礼拜一次,10-20元|20-30元|30-40元,堂食门店,不会，更注重口味。,自嗨锅|西贝|京东生鲜|海底捞,价格问题|食品安全问题,无
女,18-25岁,了解,外卖|打包自提,口味多样|地点上方便|时间上便捷,约一个礼拜一次,约一个月一次,约一个礼拜一次,几乎每天,10-20元|20-30元,生鲜超市|电商平台|堂食门店,会，大品牌放心可靠。,自嗨锅|海底捞,价格问题|食品安全问题,由近期的315老坛酸菜和双汇火腿肠事件，预制菜品行业食品安全方面黑幕可见一斑。第一，我们身边的大量餐饮商户都会贩卖米饭+预制菜包+焯水青菜的盒饭组合，而这些预制菜包的代工厂大多零零散散，对于它们是否合规我们都无从知晓。第二，一些自热火锅、自热盒饭不仅售价高昂，而且会为了口味重油重盐。消费者购买预制菜无非是为了便捷实惠、安全放心，所以预制菜品应将原料来源和制作流程对消费者公开透明，在官方网站上发表相关负责任的声明，并做到定价合理。
男,18-25岁,不了解,堂食,时间上便捷,几乎不,约一个月一次,几乎每天,几乎不,40元及以上,生鲜超市|电商平台|堂食门店,不会，更注重口味。,知味观|正大|自嗨锅|西贝|海底捞,食品安全问题,保证食品安全
男,36-45岁,不了解,堂食,口味多样|干净卫生,约一个月一次,约一个月一次,几乎每天,约一个礼拜一次,10-20元,生鲜超市,会，大品牌放心可靠。,其他〖没听说过〗,价格问题|菜品种类问题|食品安全问题|购买配送问题,不太了解
女,18-25岁,不了解,外卖|打包自提|买菜做饭|方便面类食品,价格实惠|口味多样|干净卫生|地点上方便,几乎不,约一个礼拜一次,几乎每天,几乎每天,10-20元,生鲜超市|熟食店,会，大品牌放心可靠。,自嗨锅|海底捞,菜品种类问题,..
女,18-25岁,不了解,外卖|打包自提,价格实惠|干净卫生,几乎每天,几乎每天,几乎每天,几乎每天,10-20元,生鲜超市,会，大品牌放心可靠。,自嗨锅|海底捞,食品安全问题,无
女,18-25岁,不了解,堂食|方便面类食品,价格实惠|时间上便捷,约一个礼拜一次,约一个礼拜一次,约一个礼拜一次,几乎不,10-20元|20-30元,生鲜超市|熟食店,不会，更注重口味。,自嗨锅|京东生鲜|海底捞,食品安全问题,无
女,18-25岁,不了解,堂食,地点上方便,约一个月一次,约一个月一次,约一个礼拜一次,约一个礼拜一次,20-30元,生鲜超市|堂食门店,会，大品牌放心可靠。,知味观|正大|海底捞,价格问题|菜品种类问题|食品安全问题|购买配送问题,健康安全就好
女,18-25岁,不了解,堂食|外卖|打包自提|预制菜|买菜做饭|方便面类食品,价格实惠|口味多样|地点上方便|时间上便捷,几乎每天,约一个礼拜一次,约一个礼拜一次,几乎不,10-20元,生鲜超市|电商平台,会，大品牌放心可靠。,自嗨锅|京东生鲜|海底捞,食品安全问题,无
女,36-45岁,不了解,买菜做饭,干净卫生,几乎不,几乎不,几乎不,几乎不,10-20元,生鲜超市,会，大品牌放心可靠。,京东生鲜,价格问题|食品安全问题,一定要健康干净卫生
女,18-25岁,不了解,堂食|打包自提,时间上便捷,约一个月一次,约一个月一次,几乎不,几乎不,20-30元,生鲜超市|电商平台|堂食门店|熟食店,不会，更注重口味。,其他,食品安全问题,一定要确保卫生问题
女,18-25岁,不了解,外卖,口味多样,约一个礼拜一次,几乎不,约一个月一次,几乎不,10-20元,生鲜超市,会，大品牌放心可靠。,自嗨锅|海底捞,食品安全问题,无
女,18-25岁,了解,买菜做饭,干净卫生,几乎不,几乎不,几乎每天,几乎每天,10-20元,生鲜超市,会，大品牌放心可靠。,知味观|自嗨锅|京东生鲜|海底捞,价格问题|食品安全问题,w
女,18-25岁,了解,堂食|预制菜|买菜做饭,价格实惠|口味多样,约一个礼拜一次,约一个月一次,约一个月一次,几乎不,10-20元,生鲜超市|电商平台,会，大品牌放心可靠。,自嗨锅|京东生鲜|海底捞,食品安全问题|购买配送问题,食品安全得在第一位，价钱不能太贵，种类营养搭配要均衡。
女,18-25岁,不了解,堂食|外卖|买菜做饭,口味多样|干净卫生,约一个月一次,约一个礼拜一次,几乎每天,几乎每天,10-20元|20-30元,生鲜超市|熟食店,会，大品牌放心可靠。,自嗨锅|京东生鲜|海底捞,价格问题|菜品种类问题|食品安全问题|购买配送问题,无
女,18-25岁,不了解,堂食|预制菜|买菜做饭,干净卫生|地点上方便|时间上便捷,几乎不,约一个礼拜一次,几乎不,几乎不,30-40元,生鲜超市|熟食店,会，大品牌放心可靠。,自嗨锅|京东生鲜|海底捞,食品安全问题|购买配送问题,最主要让人们能够吃着放心，食品安全是最为重要的
女,18-25岁,不了解,堂食|外卖,价格实惠|口味多样|地点上方便|时间上便捷,约一个礼拜一次,几乎不,几乎不,几乎不,10-20元|20-30元,生鲜超市|电商平台,不会，更注重口味。,自嗨锅|海底捞,价格问题|食品安全问题|购买配送问题,无
女,18-25岁,了解,堂食|外卖|打包自提,价格实惠|口味多样|干净卫生,约一个礼拜一次,约一个礼拜一次,约一个礼拜一次,约一个礼拜一次,10-20元|20-30元|30-40元|40元及以上,生鲜超市|堂食门店|熟食店,不会，更注重口味。,知味观|正大,价格问题|菜品种类问题,健康干净就行
女,18-25岁,不了解,外卖,价格实惠,约一个礼拜一次,约一个月一次,几乎不,约一个月一次,20-30元,熟食店,会，大品牌放心可靠。,知味观,购买配送问题,很好
男,45岁以上,了解,堂食,地点上方便,约一个礼拜一次,约一个礼拜一次,约一个礼拜一次,约一个月一次,20-30元|30-40元,生鲜超市|堂食门店,会，大品牌放心可靠。,自嗨锅|海底捞,食品安全问题,原材料采购，食品安全。
男,18-25岁,了解,堂食|买菜做饭|方便面类食品,价格实惠|口味多样|干净卫生,约一个礼拜一次,约一个月一次,几乎不,几乎每天,20-30元,生鲜超市|电商平台,会，大品牌放心可靠。,知味观|正大|京东生鲜|海底捞,价格问题|菜品种类问题|食品安全问题,希望口味多样化。
女,18-25岁,不了解,打包自提|买菜做饭,干净卫生,几乎不,几乎不,几乎不,几乎不,10-20元,生鲜超市|电商平台,不会，更注重口味。,自嗨锅|京东生鲜|海底捞,价格问题|菜品种类问题|食品安全问题|购买配送问题,价格便宜  东西有质量  服务到位
女,18-25岁,不了解,外卖,时间上便捷,约一个礼拜一次,几乎每天,几乎每天,几乎不,10-20元,生鲜超市,不会，更注重口味。,自嗨锅|海底捞,购买配送问题,便宜好吃安全健康
男,18-25岁,不了解,堂食|外卖|方便面类食品,地点上方便|时间上便捷,约一个月一次,约一个月一次,几乎不,几乎不,30-40元,生鲜超市|电商平台|堂食门店|熟食店,会，大品牌放心可靠。,自嗨锅,价格问题,无
女,18-25岁,不了解,堂食|外卖|买菜做饭,价格实惠|口味多样|干净卫生|地点上方便|时间上便捷,约一个礼拜一次,约一个月一次,几乎不,约一个礼拜一次,10-20元,电商平台,会，大品牌放心可靠。,其他〖不晓得 没听过〗,价格问题|菜品种类问题|食品安全问题|购买配送问题,预制菜是啥啊 求科普
女,18-25岁,不了解,堂食|外卖|打包自提,价格实惠|口味多样|地点上方便|时间上便捷,约一个月一次,几乎不,几乎不,几乎不,10-20元,生鲜超市|电商平台,不会，更注重口味。,自嗨锅|京东生鲜|海底捞,价格问题|菜品种类问题|食品安全问题|购买配送问题,便宜点
男,18-25岁,了解,堂食|外卖|方便面类食品,价格实惠|地点上方便|时间上便捷,约一个礼拜一次,约一个月一次,约一个月一次,约一个月一次,10-20元|20-30元,生鲜超市|堂食门店|熟食店,会，大品牌放心可靠。,自嗨锅|京东生鲜,购买配送问题,加油
男,18-25岁,不了解,堂食,地点上方便,几乎不,几乎不,几乎不,几乎不,20-30元,熟食店,不会，更注重口味。,自嗨锅|西贝|海底捞,食品安全问题,无
女,18-25岁,不了解,堂食|外卖|打包自提|预制菜|买菜做饭|方便面类食品,地点上方便|时间上便捷,约一个礼拜一次,约一个礼拜一次,约一个月一次,约一个月一次,10-20元|20-30元,生鲜超市|电商平台|堂食门店|熟食店,会，大品牌放心可靠。,自嗨锅|京东生鲜|海底捞,菜品种类问题|食品安全问题,无
女,45岁以上,了解,买菜做饭,干净卫生,约一个月一次,几乎不,几乎每天,几乎不,10-20元,电商平台,会，大品牌放心可靠。,自嗨锅|京东生鲜,菜品种类问题,保证干净卫生，口味更多样
女,36-45岁,不了解,买菜做饭,价格实惠|干净卫生|地点上方便,约一个月一次,几乎不,约一个月一次,几乎不,20-30元|30-40元,生鲜超市|堂食门店|熟食店,会，大品牌放心可靠。,自嗨锅|京东生鲜|海底捞,食品安全问题|购买配送问题,菜品尽可能少的调料，配送过程中的食品安全和保鲜应该注重。
男,36-45岁,不了解,买菜做饭,干净卫生,几乎不,几乎不,几乎不,几乎不,20-30元,生鲜超市|电商平台|堂食门店|熟食店,会，大品牌放心可靠。,京东生鲜,菜品种类问题|食品安全问题,加油！
男,26-35岁,不了解,堂食,地点上方便|时间上便捷,约一个月一次,约一个礼拜一次,约一个礼拜一次,约一个礼拜一次,10-20元,生鲜超市|熟食店,会，大品牌放心可靠。,京东生鲜,价格问题|食品安全问题,食品安全问题最为重要，价格设置需要合理
女,36-45岁,了解,堂食|外卖|买菜做饭,价格实惠|口味多样|时间上便捷,约一个礼拜一次,约一个礼拜一次,约一个月一次,约一个礼拜一次,10-20元|20-30元,生鲜超市|堂食门店|熟食店,会，大品牌放心可靠。,自嗨锅|京东生鲜|海底捞,价格问题|食品安全问题,连锁门店更放心
女,18-25岁,不了解,堂食|外卖|打包自提|买菜做饭,价格实惠|干净卫生|地点上方便|时间上便捷,几乎不,几乎不,几乎不,几乎不,10-20元,电商平台|熟食店,不会，更注重口味。,自嗨锅|海底捞,价格问题|菜品种类问题|食品安全问题|购买配送问题,无
女,18-25岁,不了解,堂食,地点上方便|时间上便捷,几乎每天,约一个月一次,约一个月一次,约一个礼拜一次,10-20元,生鲜超市|电商平台,不会，更注重口味。,自嗨锅|海底捞,价格问题|菜品种类问题,希望价格能低一点，选择种类多一点
女,18-25岁,不了解,买菜做饭,口味多样|干净卫生,约一个礼拜一次,约一个礼拜一次,约一个礼拜一次,约一个礼拜一次,10-20元,生鲜超市|电商平台,会，大品牌放心可靠。,自嗨锅|西贝|京东生鲜|海底捞,购买配送问题,无
女,36-45岁,了解,堂食|买菜做饭,价格实惠|口味多样|干净卫生,约一个礼拜一次,几乎不,约一个月一次,几乎不,20-30元,堂食门店|熟食店,会，大品牌放心可靠。,西贝,菜品种类问题|食品安全问题,干净卫生，食材新鲜。
女,18-25岁,不了解,堂食|外卖,口味多样|干净卫生|时间上便捷,几乎不,几乎不,几乎不,几乎不,20-30元,堂食门店,会，大品牌放心可靠。,知味观|正大|自嗨锅,购买配送问题,卫生安全
女,26-35岁,不了解,堂食|外卖|预制菜|买菜做饭,价格实惠|口味多样|干净卫生|地点上方便|时间上便捷,几乎每天,约一个礼拜一次,几乎每天,约一个礼拜一次,10-20元|20-30元|30-40元|40元及以上,生鲜超市|电商平台|堂食门店|熟食店,会，大品牌放心可靠。,正大|自嗨锅|京东生鲜|海底捞,价格问题|菜品种类问题|食品安全问题|购买配送问题,食品安全要保证
女,18-25岁,不了解,堂食|外卖|买菜做饭|方便面类食品,价格实惠|口味多样|地点上方便|时间上便捷,几乎每天,约一个礼拜一次,约一个礼拜一次,几乎每天,20-30元,生鲜超市|电商平台,会，大品牌放心可靠。,自嗨锅|京东生鲜|海底捞,食品安全问题,注重食品安全
女,18-25岁,不了解,外卖|买菜做饭,价格实惠|口味多样|地点上方便,约一个礼拜一次,约一个礼拜一次,几乎每天,约一个礼拜一次,20-30元,堂食门店,会，大品牌放心可靠。,京东生鲜,食品安全问题,无
女,18-25岁,不了解,买菜做饭,价格实惠|口味多样|干净卫生,约一个礼拜一次,几乎不,几乎每天,几乎不,10-20元|20-30元,生鲜超市|电商平台|熟食店,不会，更注重口味。,京东生鲜|海底捞,价格问题|食品安全问题,无
女,18-25岁,不了解,买菜做饭,干净卫生,几乎不,约一个礼拜一次,约一个礼拜一次,几乎不,20-30元,生鲜超市,不会，更注重口味。,自嗨锅,购买配送问题,没有
女,18-25岁,不了解,堂食|外卖,地点上方便|时间上便捷,约一个礼拜一次,约一个礼拜一次,约一个礼拜一次,约一个礼拜一次,10-20元,生鲜超市,不会，更注重口味。,知味观,菜品种类问题|食品安全问题|购买配送问题,bang
女,18-25岁,了解,堂食|外卖|打包自提|方便面类食品,口味多样|干净卫生|地点上方便,约一个月一次,几乎不,几乎不,几乎不,20-30元,堂食门店|熟食店,会，大品牌放心可靠。,正大|自嗨锅|京东生鲜|海底捞,价格问题|菜品种类问题|食品安全问题|购买配送问题,食品的新鲜程度和卫生问题
男,45岁以上,不了解,堂食,干净卫生,几乎不,几乎不,约一个礼拜一次,几乎不,40元及以上,熟食店,会，大品牌放心可靠。,西贝|京东生鲜|海底捞,食品安全问题,卫生，安全
女,18-25岁,不了解,堂食|买菜做饭,地点上方便|时间上便捷,约一个月一次,约一个礼拜一次,几乎每天,几乎不,20-30元,生鲜超市|堂食门店|熟食店,不会，更注重口味。,自嗨锅|京东生鲜|海底捞,价格问题|菜品种类问题|食品安全问题|购买配送问题,站在不同的角度去看问题，为对方着想
男,18-25岁,不了解,堂食|外卖,价格实惠,约一个礼拜一次,约一个礼拜一次,几乎每天,几乎每天,10-20元,生鲜超市,会，大品牌放心可靠。,京东生鲜,食品安全问题,无
男,36-45岁,不了解,堂食|买菜做饭,价格实惠|口味多样|干净卫生,几乎每天,约一个礼拜一次,约一个月一次,几乎每天,10-20元,生鲜超市|熟食店,会，大品牌放心可靠。,自嗨锅|海底捞,价格问题|食品安全问题,卫生
女,18-25岁,不了解,堂食,干净卫生,几乎每天,几乎不,几乎不,几乎不,10-20元,电商平台,不会，更注重口味。,西贝|其他,食品安全问题,添加剂问题，和食品安全问题
女,45岁以上,不了解,买菜做饭,价格实惠|干净卫生,几乎不,几乎不,几乎不,几乎不,10-20元,熟食店,会，大品牌放心可靠。,其他,食品安全问题,物美价廉
女,18-25岁,了解,堂食|外卖|打包自提|预制菜|方便面类食品,价格实惠|口味多样|干净卫生|地点上方便|时间上便捷,几乎每天,约一个月一次,约一个礼拜一次,几乎不,20-30元,生鲜超市|电商平台|堂食门店|熟食店,会，大品牌放心可靠。,知味观,价格问题|菜品种类问题|食品安全问题,无
男,18-25岁,了解,堂食|外卖,价格实惠|干净卫生|地点上方便|时间上便捷,几乎每天,几乎不,几乎不,几乎不,20-30元,电商平台|堂食门店,会，大品牌放心可靠。,其他〖无〗,食品安全问题,向公众更普及，市场规模扩大后自然会有更统一和明确的标准
男,18-25岁,不了解,堂食|买菜做饭,干净卫生,约一个月一次,几乎不,几乎不,几乎不,10-20元|20-30元,生鲜超市|电商平台|堂食门店|熟食店,会，大品牌放心可靠。,自嗨锅|海底捞,价格问题|食品安全问题,希望做到干净卫生
女,26-35岁,不了解,堂食|买菜做饭,干净卫生|地点上方便|时间上便捷,约一个礼拜一次,约一个月一次,约一个月一次,几乎不,20-30元,生鲜超市|电商平台,会，大品牌放心可靠。,自嗨锅|京东生鲜|海底捞,食品安全问题,吃生鲜更注重食品健康和新鲜
女,36-45岁,不了解,买菜做饭,干净卫生,几乎每天,约一个礼拜一次,约一个礼拜一次,几乎不,10-20元,堂食门店,会，大品牌放心可靠。,海底捞,食品安全问题,价格合理，干净卫生。
女,45岁以上,不了解,堂食|买菜做饭,干净卫生|地点上方便|时间上便捷,几乎不,约一个月一次,约一个月一次,几乎不,20-30元,电商平台|堂食门店,会，大品牌放心可靠。,京东生鲜,价格问题|食品安全问题|购买配送问题,食品安全第一重要
男,45岁以上,不了解,买菜做饭,价格实惠|口味多样|干净卫生|地点上方便|时间上便捷,约一个礼拜一次,几乎每天,几乎每天,几乎不,10-20元|20-30元,堂食门店|熟食店,会，大品牌放心可靠。,自嗨锅|海底捞,价格问题|菜品种类问题|食品安全问题|购买配送问题,继续努力
男,18-25岁,了解,堂食|外卖|买菜做饭|方便面类食品,价格实惠|地点上方便|时间上便捷,约一个月一次,约一个礼拜一次,几乎不,几乎不,10-20元|20-30元,生鲜超市|电商平台|堂食门店|熟食店,会，大品牌放心可靠。,正大|海底捞,价格问题|菜品种类问题|食品安全问题|购买配送问题,注重卫生
男,18-25岁,了解,堂食,地点上方便,约一个月一次,几乎不,几乎每天,约一个月一次,10-20元,生鲜超市|电商平台|熟食店,会，大品牌放心可靠。,自嗨锅,价格问题|菜品种类问题|食品安全问题|购买配送问题,暂无
女,18-25岁,不了解,外卖|打包自提,地点上方便|时间上便捷,约一个月一次,几乎不,约一个礼拜一次,几乎不,30-40元,生鲜超市|电商平台|堂食门店|熟食店,会，大品牌放心可靠。,京东生鲜|海底捞,菜品种类问题|食品安全问题|购买配送问题,"丰富菜品
提升监管
提升卫生水平"
女,18-25岁,不了解,堂食|买菜做饭,干净卫生|地点上方便,约一个月一次,几乎不,约一个礼拜一次,几乎不,10-20元|20-30元,生鲜超市|熟食店,不会，更注重口味。,自嗨锅|京东生鲜|海底捞,价格问题|菜品种类问题|食品安全问题|购买配送问题,无
男,18-25岁,不了解,买菜做饭|方便面类食品,价格实惠|干净卫生|地点上方便,约一个礼拜一次,几乎不,几乎每天,几乎不,10-20元,生鲜超市,不会，更注重口味。,海底捞,菜品种类问题|食品安全问题,。
男,18-25岁,不了解,堂食|外卖|打包自提,价格实惠|口味多样,几乎不,几乎不,几乎不,几乎每天,10-20元,生鲜超市|电商平台,不会，更注重口味。,其他,价格问题|食品安全问题,0
男,18-25岁,不了解,堂食|打包自提,价格实惠|干净卫生,约一个礼拜一次,约一个月一次,几乎每天,几乎每天,20-30元,生鲜超市|堂食门店,不会，更注重口味。,正大|自嗨锅|海底捞,价格问题|食品安全问题,味道更好点 更加安全
女,18-25岁,不了解,打包自提|买菜做饭,地点上方便|时间上便捷,几乎每天,几乎不,几乎不,几乎不,20-30元,生鲜超市|堂食门店|熟食店,会，大品牌放心可靠。,自嗨锅|西贝|海底捞,食品安全问题|购买配送问题,无
男,18-25岁,了解,堂食|预制菜,口味多样,几乎每天,约一个月一次,几乎每天,几乎每天,10-20元,电商平台,会，大品牌放心可靠。,正大|自嗨锅,价格问题|菜品种类问题|食品安全问题,预制菜种类还不丰富，体制还不够完善，没有一致的标准
男,18-25岁,了解,买菜做饭,价格实惠|口味多样|干净卫生|地点上方便|时间上便捷,约一个礼拜一次,几乎不,约一个月一次,几乎不,10-20元|20-30元|30-40元,生鲜超市,会，大品牌放心可靠。,自嗨锅|京东生鲜|海底捞,食品安全问题,"希望食品更加的安全，口味有所提升改变，价格合理。
愿预制菜越来越发展。"
女,18-25岁,不了解,外卖|打包自提|买菜做饭,价格实惠|干净卫生,约一个礼拜一次,几乎不,约一个礼拜一次,几乎不,10-20元|20-30元,生鲜超市,会，大品牌放心可靠。,自嗨锅|海底捞,食品安全问题|购买配送问题,无
女,36-45岁,不了解,堂食|买菜做饭,价格实惠|干净卫生,约一个月一次,几乎不,约一个月一次,几乎每天,10-20元|20-30元,生鲜超市|熟食店,会，大品牌放心可靠。,知味观|正大|海底捞,价格问题,加油！
男,45岁以上,不了解,堂食|买菜做饭,价格实惠|口味多样|干净卫生,约一个礼拜一次,约一个月一次,几乎每天,约一个礼拜一次,10-20元|20-30元,电商平台|堂食门店|熟食店,会，大品牌放心可靠。,知味观|正大|京东生鲜,价格问题|菜品种类问题|食品安全问题|购买配送问题,希望价格更便宜，口味多样化
男,18-25岁,不了解,堂食|外卖|打包自提|买菜做饭|方便面类食品,价格实惠|口味多样|干净卫生|地点上方便|时间上便捷,几乎每天,几乎不,几乎不,几乎每天,10-20元|20-30元|30-40元|40元及以上,生鲜超市|电商平台|堂食门店|熟食店,不会，更注重口味。,知味观|正大|自嗨锅|西贝|京东生鲜|海底捞,价格问题|菜品种类问题|食品安全问题|购买配送问题,无
男,18-25岁,不了解,堂食|预制菜,口味多样|干净卫生,约一个月一次,约一个礼拜一次,约一个月一次,约一个礼拜一次,10-20元,电商平台,会，大品牌放心可靠。,京东生鲜|海底捞,食品安全问题,希望加强食品安全监管力度
男,18-25岁,不了解,外卖|买菜做饭,价格实惠|口味多样|干净卫生,约一个礼拜一次,几乎不,几乎不,几乎不,10-20元|20-30元,生鲜超市|电商平台,会，大品牌放心可靠。,自嗨锅|海底捞,食品安全问题,无
女,18-25岁,不了解,堂食,价格实惠|干净卫生|地点上方便,几乎不,几乎不,几乎不,几乎不,20-30元,生鲜超市|熟食店,不会，更注重口味。,自嗨锅|海底捞,价格问题|购买配送问题,暂无
男,18-25岁,了解,堂食,地点上方便,几乎每天,几乎每天,约一个月一次,几乎每天,40元及以上,生鲜超市,会，大品牌放心可靠。,自嗨锅|海底捞,菜品种类问题|食品安全问题,保证食品安全
男,18-25岁,不了解,堂食|买菜做饭|方便面类食品,价格实惠|口味多样|干净卫生|地点上方便|时间上便捷,约一个月一次,几乎不,约一个月一次,几乎每天,10-20元|20-30元,生鲜超市|熟食店,会，大品牌放心可靠。,正大|自嗨锅|海底捞,价格问题|菜品种类问题|食品安全问题|购买配送问题,健康
男,18-25岁,了解,堂食|外卖|打包自提|预制菜|买菜做饭|方便面类食品,价格实惠|口味多样|地点上方便|时间上便捷,约一个礼拜一次,约一个礼拜一次,几乎不,几乎不,10-20元|20-30元|30-40元,电商平台|熟食店,会，大品牌放心可靠。,知味观|正大|自嗨锅|西贝|京东生鲜|海底捞,价格问题|食品安全问题,希望价格实惠，口味多样。
男,18-25岁,不了解,堂食|外卖|买菜做饭,价格实惠|口味多样|干净卫生|地点上方便|时间上便捷,几乎每天,约一个月一次,约一个月一次,几乎不,10-20元,生鲜超市|堂食门店|熟食店,不会，更注重口味。,自嗨锅,价格问题|食品安全问题,贵
男,18-25岁,不了解,堂食|外卖|打包自提|预制菜,价格实惠|口味多样|干净卫生,几乎不,几乎不,几乎不,几乎不,10-20元|20-30元,生鲜超市|电商平台|堂食门店|熟食店,不会，更注重口味。,知味观|正大|京东生鲜,价格问题|菜品种类问题|食品安全问题|购买配送问题,加强品牌建设。
男,18-25岁,不了解,外卖|打包自提,价格实惠|口味多样|干净卫生|地点上方便,约一个礼拜一次,约一个礼拜一次,约一个月一次,约一个礼拜一次,20-30元|30-40元,生鲜超市|电商平台|堂食门店,不会，更注重口味。,知味观|正大|西贝|海底捞,价格问题|菜品种类问题|食品安全问题|购买配送问题,希望价格实惠口味多样。
女,18-25岁,不了解,外卖,地点上方便|时间上便捷,约一个月一次,约一个月一次,几乎不,约一个礼拜一次,30-40元,堂食门店|熟食店,会，大品牌放心可靠。,京东生鲜|海底捞,菜品种类问题,无
男,18-25岁,不了解,堂食,干净卫生|地点上方便|时间上便捷,几乎每天,约一个礼拜一次,几乎每天,几乎不,10-20元,堂食门店|熟食店,会，大品牌放心可靠。,自嗨锅|海底捞,价格问题|菜品种类问题|食品安全问题|购买配送问题,无
男,18-25岁,不了解,堂食|打包自提,价格实惠|口味多样|干净卫生|地点上方便|时间上便捷,几乎每天,约一个礼拜一次,约一个礼拜一次,几乎每天,10-20元|20-30元|30-40元,生鲜超市|电商平台|堂食门店|熟食店,不会，更注重口味。,知味观|正大|西贝|海底捞,菜品种类问题|食品安全问题,无
男,18-25岁,不了解,堂食|买菜做饭,价格实惠|口味多样|干净卫生,几乎不,约一个月一次,约一个礼拜一次,约一个礼拜一次,20-30元|30-40元,生鲜超市|电商平台,不会，更注重口味。,京东生鲜|海底捞,价格问题|菜品种类问题|食品安全问题,无
男,18-25岁,了解,堂食|打包自提,口味多样|时间上便捷,约一个月一次,几乎不,几乎不,几乎不,10-20元|20-30元,生鲜超市|堂食门店,会，大品牌放心可靠。,知味观|正大,价格问题|菜品种类问题,暂无意见
女,18-25岁,了解,堂食|打包自提,价格实惠|口味多样|干净卫生,约一个礼拜一次,约一个礼拜一次,约一个礼拜一次,约一个礼拜一次,20-30元,生鲜超市|堂食门店,会，大品牌放心可靠。,自嗨锅|京东生鲜|海底捞,价格问题|菜品种类问题|食品安全问题|购买配送问题,无
男,18-25岁,不了解,堂食|外卖|买菜做饭,价格实惠|口味多样|干净卫生|时间上便捷,约一个礼拜一次,约一个礼拜一次,约一个礼拜一次,约一个月一次,10-20元,生鲜超市|堂食门店,会，大品牌放心可靠。,知味观|正大|西贝,价格问题|菜品种类问题|食品安全问题|购买配送问题,无
男,18-25岁,了解,堂食,口味多样|干净卫生,约一个礼拜一次,约一个月一次,约一个月一次,约一个礼拜一次,30-40元,堂食门店,会，大品牌放心可靠。,正大,菜品种类问题,111
男,18-25岁,不了解,堂食|外卖|买菜做饭|方便面类食品,价格实惠|口味多样|干净卫生,约一个礼拜一次,约一个礼拜一次,约一个月一次,几乎每天,20-30元,堂食门店|熟食店,不会，更注重口味。,知味观|正大|西贝|海底捞,菜品种类问题|食品安全问题,口味更丰富
女,18-25岁,了解,堂食|外卖,价格实惠|口味多样|时间上便捷,几乎不,几乎不,约一个礼拜一次,约一个礼拜一次,20-30元,生鲜超市|电商平台,会，大品牌放心可靠。,正大|自嗨锅|西贝|海底捞,价格问题|菜品种类问题|食品安全问题|购买配送问题,预制菜口味需要提高
女,18-25岁,不了解,外卖,价格实惠|口味多样|干净卫生|地点上方便|时间上便捷,约一个礼拜一次,约一个月一次,约一个礼拜一次,约一个礼拜一次,20-30元|30-40元|40元及以上,生鲜超市|电商平台,会，大品牌放心可靠。,正大|自嗨锅|京东生鲜|海底捞,价格问题,无
男,18-25岁,不了解,堂食|买菜做饭,价格实惠|干净卫生|地点上方便,约一个礼拜一次,约一个礼拜一次,约一个礼拜一次,几乎不,10-20元,生鲜超市|电商平台,会，大品牌放心可靠。,自嗨锅|海底捞,菜品种类问题|食品安全问题,种类多样化
男,18-25岁,不了解,买菜做饭,价格实惠|干净卫生,约一个礼拜一次,约一个礼拜一次,几乎每天,约一个月一次,10-20元,生鲜超市,会，大品牌放心可靠。,正大|海底捞,价格问题|菜品种类问题|食品安全问题|购买配送问题,少点 老坛酸菜这样的，食品安全做好其他自然就好了，少整点花里胡哨的
男,45岁以上,不了解,堂食,价格实惠,约一个礼拜一次,约一个月一次,约一个月一次,几乎不,10-20元,生鲜超市|熟食店,不会，更注重口味。,海底捞,食品安全问题,食品安全特别重要
女,18-25岁,不了解,堂食|外卖|打包自提,口味多样|地点上方便|时间上便捷,几乎每天,约一个礼拜一次,约一个月一次,几乎不,10-20元|20-30元,生鲜超市|熟食店,不会，更注重口味。,知味观|自嗨锅,价格问题|菜品种类问题|食品安全问题,无
男,18-25岁,不了解,堂食|外卖,口味多样|地点上方便|时间上便捷,约一个礼拜一次,约一个礼拜一次,约一个礼拜一次,约一个礼拜一次,20-30元|30-40元,电商平台|堂食门店,会，大品牌放心可靠。,知味观|正大,价格问题|菜品种类问题,无
男,18-25岁,不了解,堂食,地点上方便|时间上便捷,几乎每天,几乎每天,几乎每天,几乎每天,10-20元|20-30元,堂食门店|熟食店,不会，更注重口味。,自嗨锅|海底捞,价格问题|菜品种类问题|食品安全问题|购买配送问题,无
女,18-25岁,不了解,堂食|外卖,地点上方便|时间上便捷,几乎每天,约一个礼拜一次,约一个礼拜一次,约一个礼拜一次,20-30元,生鲜超市|电商平台,会，大品牌放心可靠。,正大|自嗨锅|海底捞,食品安全问题,无
男,18-25岁,不了解,堂食|外卖|预制菜|方便面类食品,价格实惠|口味多样|地点上方便|时间上便捷,约一个月一次,约一个月一次,几乎不,几乎不,20-30元|30-40元,堂食门店,会，大品牌放心可靠。,自嗨锅|海底捞,菜品种类问题,"改善菜品口感
推出新款口味
食材上更注重搭配即可"
女,18-25岁,不了解,堂食|买菜做饭,价格实惠|口味多样|干净卫生|地点上方便|时间上便捷,约一个礼拜一次,约一个月一次,几乎每天,几乎不,10-20元|20-30元,堂食门店,会，大品牌放心可靠。,自嗨锅|海底捞,价格问题|菜品种类问题|食品安全问题|购买配送问题,无
女,18-25岁,不了解,堂食|买菜做饭,口味多样|干净卫生,约一个礼拜一次,几乎不,几乎不,几乎不,30-40元,生鲜超市|堂食门店|熟食店,会，大品牌放心可靠。,知味观|自嗨锅|海底捞,价格问题|菜品种类问题|食品安全问题|购买配送问题,找注意预制菜的保鲜和品牌管理
女,18-25岁,了解,堂食|打包自提|方便面类食品,价格实惠|地点上方便|时间上便捷,约一个礼拜一次,约一个礼拜一次,几乎不,几乎不,10-20元|20-30元,生鲜超市|电商平台|堂食门店|熟食店,会，大品牌放心可靠。,自嗨锅|海底捞|其他〖开小灶〗,价格问题|食品安全问题,无
女,18-25岁,不了解,堂食|外卖,地点上方便|时间上便捷,约一个月一次,几乎不,几乎每天,几乎不,30-40元|40元及以上,生鲜超市|电商平台,会，大品牌放心可靠。,自嗨锅|海底捞,菜品种类问题|食品安全问题,提供更多种类
男,18-25岁,了解,堂食|外卖|买菜做饭,价格实惠|口味多样|干净卫生|时间上便捷,约一个月一次,约一个月一次,约一个月一次,约一个月一次,20-30元,堂食门店|熟食店,会，大品牌放心可靠。,自嗨锅|京东生鲜|海底捞,价格问题|菜品种类问题,无
女,18-25岁,不了解,堂食|外卖|方便面类食品,价格实惠|口味多样|地点上方便|时间上便捷,约一个礼拜一次,几乎不,约一个礼拜一次,几乎不,10-20元|20-30元,生鲜超市|电商平台,不会，更注重口味。,自嗨锅|西贝|海底捞,价格问题|菜品种类问题|食品安全问题,无
女,18-25岁,了解,外卖|打包自提|方便面类食品,地点上方便|时间上便捷,几乎每天,几乎每天,约一个礼拜一次,约一个月一次,20-30元,生鲜超市|电商平台|堂食门店|熟食店,会，大品牌放心可靠。,自嗨锅|西贝|京东生鲜,食品安全问题,无
女,18-25岁,了解,打包自提|买菜做饭,口味多样|干净卫生,约一个月一次,几乎不,几乎不,约一个礼拜一次,20-30元|30-40元,生鲜超市|电商平台,不会，更注重口味。,知味观|正大|自嗨锅|西贝|京东生鲜|海底捞,价格问题|菜品种类问题|食品安全问题,无
男,18-25岁,不了解,堂食|外卖,价格实惠|口味多样|干净卫生|地点上方便|时间上便捷,几乎每天,约一个礼拜一次,约一个礼拜一次,几乎不,10-20元|20-30元,生鲜超市,会，大品牌放心可靠。,自嗨锅|京东生鲜|海底捞,食品安全问题,暂无
男,18-25岁,不了解,买菜做饭,价格实惠|口味多样,几乎每天,几乎每天,几乎每天,几乎不,20-30元,生鲜超市,会，大品牌放心可靠。,西贝|海底捞,价格问题,希望能价格更亲民一些，种类更丰富一些
女,18-25岁,不了解,堂食|外卖|打包自提|买菜做饭|方便面类食品,价格实惠|时间上便捷,约一个礼拜一次,几乎不,约一个礼拜一次,几乎每天,20-30元|30-40元,生鲜超市|堂食门店|熟食店,会，大品牌放心可靠。,正大|自嗨锅|京东生鲜,菜品种类问题|食品安全问题|购买配送问题,没有意见
男,18-25岁,了解,堂食|外卖,价格实惠|口味多样|干净卫生|地点上方便|时间上便捷,约一个礼拜一次,约一个礼拜一次,几乎每天,约一个月一次,10-20元|20-30元,生鲜超市|堂食门店,会，大品牌放心可靠。,自嗨锅|京东生鲜|海底捞,食品安全问题|购买配送问题,无
女,18-25岁,了解,堂食|外卖|打包自提,地点上方便|时间上便捷,几乎每天,约一个月一次,几乎每天,几乎每天,10-20元|20-30元,生鲜超市|电商平台,会，大品牌放心可靠。,自嗨锅|京东生鲜|海底捞,价格问题|菜品种类问题|食品安全问题,便宜点
男,18-25岁,不了解,外卖,口味多样,几乎不,约一个月一次,几乎每天,几乎每天,10-20元,生鲜超市,会，大品牌放心可靠。,自嗨锅|海底捞,价格问题,没有意见
女,18-25岁,不了解,打包自提,地点上方便,几乎每天,约一个礼拜一次,几乎不,几乎不,20-30元,生鲜超市,不会，更注重口味。,自嗨锅|海底捞,菜品种类问题,量不够
女,18-25岁,不了解,打包自提|买菜做饭,干净卫生|时间上便捷,几乎每天,几乎每天,几乎每天,几乎不,10-20元,生鲜超市|堂食门店,不会，更注重口味。,正大|京东生鲜,食品安全问题|购买配送问题,无
女,18-25岁,了解,打包自提,时间上便捷,几乎每天,几乎不,几乎不,几乎不,10-20元,生鲜超市,会，大品牌放心可靠。,正大|自嗨锅|西贝|京东生鲜|海底捞,菜品种类问题|食品安全问题,无
男,18-25岁,不了解,堂食,地点上方便,几乎不,几乎不,几乎不,几乎不,10-20元,生鲜超市|电商平台|堂食门店|熟食店,会，大品牌放心可靠。,其他,菜品种类问题,没有。。
女,18-25岁,了解,外卖,价格实惠|口味多样|干净卫生|地点上方便|时间上便捷,几乎每天,几乎每天,几乎每天,约一个礼拜一次,10-20元,电商平台|堂食门店,会，大品牌放心可靠。,其他,价格问题|食品安全问题,无
女,18-25岁,不了解,堂食|外卖|打包自提|方便面类食品,口味多样|地点上方便,约一个礼拜一次,约一个月一次,几乎不,几乎不,10-20元,电商平台,会，大品牌放心可靠。,自嗨锅|海底捞,价格问题,无
女,18-25岁,了解,外卖,口味多样|时间上便捷,约一个礼拜一次,几乎每天,约一个礼拜一次,几乎每天,20-30元|30-40元,生鲜超市|堂食门店,会，大品牌放心可靠。,正大|自嗨锅,菜品种类问题|食品安全问题,无
男,18-25岁,了解,堂食,干净卫生,几乎不,几乎不,几乎不,几乎不,30-40元|40元及以上,熟食店,会，大品牌放心可靠。,自嗨锅|海底捞,食品安全问题,严抓食品安全食品卫生
女,26-35岁,了解,堂食|外卖|买菜做饭,价格实惠|口味多样|干净卫生|地点上方便|时间上便捷,几乎不,几乎不,几乎不,几乎不,20-30元,生鲜超市|电商平台|堂食门店|熟食店,会，大品牌放心可靠。,自嗨锅|西贝|京东生鲜|海底捞,菜品种类问题|食品安全问题|购买配送问题,无
女,18-25岁,了解,堂食,价格实惠|干净卫生|地点上方便,约一个礼拜一次,约一个礼拜一次,约一个礼拜一次,约一个礼拜一次,20-30元,生鲜超市,会，大品牌放心可靠。,正大,价格问题,希望便宜点
女,45岁以上,不了解,方便面类食品,时间上便捷,几乎不,几乎不,几乎不,几乎不,10-20元|20-30元|30-40元|40元及以上,生鲜超市|电商平台|堂食门店,不会，更注重口味。,其他,菜品种类问题|食品安全问题,能吃
女,18-25岁,了解,堂食|预制菜|方便面类食品,地点上方便|时间上便捷,约一个礼拜一次,约一个礼拜一次,几乎每天,约一个礼拜一次,10-20元,电商平台,会，大品牌放心可靠。,自嗨锅|海底捞,菜品种类问题|食品安全问题,食品卫生保证
女,18-25岁,不了解,堂食,价格实惠|口味多样|干净卫生|地点上方便|时间上便捷,几乎不,几乎不,几乎不,几乎不,40元及以上,生鲜超市|电商平台|堂食门店|熟食店,会，大品牌放心可靠。,知味观|正大|自嗨锅|西贝|京东生鲜|海底捞|其他,价格问题|菜品种类问题|食品安全问题|购买配送问题,无
女,18-25岁,了解,堂食|买菜做饭,干净卫生,约一个礼拜一次,约一个礼拜一次,几乎每天,几乎每天,20-30元,生鲜超市|熟食店,会，大品牌放心可靠。,海底捞,食品安全问题,无
女,18-25岁,了解,买菜做饭,干净卫生,约一个月一次,约一个月一次,几乎每天,几乎每天,20-30元,生鲜超市,会，大品牌放心可靠。,正大|自嗨锅|京东生鲜|海底捞,食品安全问题,一定要干净卫生
女,18-25岁,不了解,堂食|买菜做饭|方便面类食品,干净卫生|时间上便捷,约一个月一次,几乎不,约一个礼拜一次,约一个月一次,20-30元,生鲜超市|熟食店,不会，更注重口味。,自嗨锅|海底捞,菜品种类问题,很好
女,18-25岁,不了解,堂食,价格实惠|干净卫生,约一个月一次,约一个月一次,约一个月一次,约一个月一次,20-30元,生鲜超市,不会，更注重口味。,自嗨锅|海底捞,食品安全问题,无
女,18-25岁,了解,堂食|买菜做饭,价格实惠|干净卫生,约一个月一次,约一个月一次,几乎每天,几乎每天,20-30元,生鲜超市|堂食门店,会，大品牌放心可靠。,自嗨锅|海底捞,食品安全问题,监管食品安全卫生
女,18-25岁,不了解,堂食|外卖|打包自提|买菜做饭,价格实惠|口味多样|干净卫生|地点上方便|时间上便捷,几乎每天,几乎不,几乎每天,几乎不,10-20元,生鲜超市|电商平台|堂食门店|熟食店,会，大品牌放心可靠。,自嗨锅|京东生鲜|海底捞,价格问题|菜品种类问题|食品安全问题,无
女,18-25岁,不了解,外卖|买菜做饭|方便面类食品,口味多样|干净卫生|时间上便捷,几乎不,约一个礼拜一次,几乎每天,几乎每天,10-20元,生鲜超市|熟食店,不会，更注重口味。,自嗨锅|海底捞,价格问题|食品安全问题,五
女,18-25岁,不了解,堂食|买菜做饭,价格实惠|口味多样|干净卫生,几乎每天,约一个礼拜一次,约一个礼拜一次,约一个礼拜一次,10-20元,生鲜超市|堂食门店,会，大品牌放心可靠。,自嗨锅,价格问题|菜品种类问题|食品安全问题|购买配送问题,一定要保证食品安全以及价格实惠
女,18-25岁,不了解,方便面类食品,价格实惠|干净卫生,几乎每天,约一个礼拜一次,约一个礼拜一次,几乎每天,30-40元,堂食门店,不会，更注重口味。,西贝,菜品种类问题,干净卫生
女,18-25岁,不了解,外卖|方便面类食品,价格实惠|口味多样|干净卫生|地点上方便|时间上便捷,约一个礼拜一次,几乎每天,几乎每天,几乎每天,10-20元,生鲜超市|电商平台|堂食门店|熟食店,会，大品牌放心可靠。,海底捞|其他,菜品种类问题|购买配送问题,无
女,18-25岁,不了解,堂食,干净卫生,约一个礼拜一次,几乎不,几乎不,几乎不,10-20元,生鲜超市,不会，更注重口味。,自嗨锅|海底捞,价格问题|菜品种类问题|食品安全问题|购买配送问题,注重制作时的卫生问题
女,18-25岁,不了解,买菜做饭,干净卫生,约一个月一次,约一个月一次,约一个月一次,几乎不,20-30元,生鲜超市,会，大品牌放心可靠。,海底捞,食品安全问题,多注重食品安全
女,18-25岁,不了解,打包自提,价格实惠|时间上便捷,约一个礼拜一次,约一个礼拜一次,约一个礼拜一次,约一个礼拜一次,20-30元,电商平台,不会，更注重口味。,海底捞,购买配送问题,无
女,18-25岁,不了解,预制菜,口味多样,约一个礼拜一次,几乎每天,几乎每天,几乎每天,10-20元,生鲜超市|电商平台,会，大品牌放心可靠。,知味观|自嗨锅|西贝,价格问题|菜品种类问题|食品安全问题,无
女,18-25岁,了解,买菜做饭,干净卫生,几乎不,约一个礼拜一次,约一个礼拜一次,几乎不,10-20元|20-30元,堂食门店,会，大品牌放心可靠。,知味观|自嗨锅,价格问题|菜品种类问题|食品安全问题|购买配送问题,无
女,18-25岁,不了解,打包自提|买菜做饭|方便面类食品,价格实惠|口味多样|干净卫生,几乎不,几乎不,几乎不,几乎不,10-20元,生鲜超市,不会，更注重口味。,京东生鲜|海底捞,价格问题|菜品种类问题|食品安全问题,无
女,18-25岁,了解,堂食,干净卫生,约一个礼拜一次,约一个礼拜一次,约一个礼拜一次,几乎每天,20-30元,生鲜超市|熟食店,会，大品牌放心可靠。,海底捞,食品安全问题,无
女,18-25岁,不了解,外卖|预制菜|买菜做饭,口味多样|干净卫生,约一个礼拜一次,约一个月一次,几乎每天,几乎不,10-20元,生鲜超市,会，大品牌放心可靠。,自嗨锅|海底捞,价格问题|菜品种类问题|食品安全问题|购买配送问题,无
女,18-25岁,不了解,堂食|外卖|买菜做饭,干净卫生,几乎不,约一个礼拜一次,几乎不,约一个礼拜一次,10-20元,生鲜超市,会，大品牌放心可靠。,自嗨锅,价格问题|菜品种类问题|食品安全问题|购买配送问题,安全问题
女,18-25岁,不了解,买菜做饭,干净卫生,几乎每天,几乎不,几乎每天,几乎每天,20-30元,生鲜超市,会，大品牌放心可靠。,自嗨锅|海底捞,价格问题|菜品种类问题|食品安全问题,。。。，
女,18-25岁,了解,堂食,价格实惠,约一个礼拜一次,几乎不,约一个礼拜一次,约一个礼拜一次,10-20元,堂食门店,会，大品牌放心可靠。,自嗨锅|海底捞,价格问题|菜品种类问题|食品安全问题|购买配送问题,无
女,18岁以下,了解,堂食|外卖,价格实惠|口味多样|干净卫生,约一个礼拜一次,约一个礼拜一次,约一个礼拜一次,几乎每天,10-20元,生鲜超市|堂食门店,会，大品牌放心可靠。,知味观|正大,价格问题,无
女,18-25岁,不了解,外卖|买菜做饭|方便面类食品,口味多样|时间上便捷,约一个月一次,约一个礼拜一次,约一个月一次,约一个月一次,20-30元,生鲜超市|电商平台|堂食门店|熟食店,不会，更注重口味。,知味观|正大|自嗨锅|西贝|京东生鲜|海底捞|其他,价格问题|菜品种类问题|食品安全问题|购买配送问题,没有
女,18-25岁,不了解,堂食,干净卫生,约一个月一次,几乎不,几乎不,几乎不,10-20元,生鲜超市|堂食门店,会，大品牌放心可靠。,其他,菜品种类问题,。。
女,18-25岁,不了解,堂食|买菜做饭,价格实惠|口味多样,约一个礼拜一次,约一个礼拜一次,几乎不,几乎不,20-30元,熟食店,会，大品牌放心可靠。,自嗨锅|西贝|海底捞|其他,价格问题,好好做菜 健康卫生
女,18-25岁,了解,买菜做饭,干净卫生,约一个礼拜一次,约一个礼拜一次,几乎每天,几乎每天,10-20元,生鲜超市,不会，更注重口味。,其他,食品安全问题,食品安全
女,18-25岁,不了解,堂食|外卖|买菜做饭,价格实惠|口味多样|干净卫生|地点上方便|时间上便捷,约一个礼拜一次,约一个月一次,几乎每天,几乎不,20-30元,生鲜超市,不会，更注重口味。,自嗨锅|海底捞,价格问题|菜品种类问题|食品安全问题,无
女,18-25岁,不了解,堂食|外卖,价格实惠|口味多样|干净卫生|地点上方便|时间上便捷,几乎每天,几乎每天,几乎每天,几乎每天,10-20元,生鲜超市|堂食门店|熟食店,不会，更注重口味。,自嗨锅|海底捞,价格问题,好
女,18-25岁,了解,堂食|外卖|预制菜|方便面类食品,地点上方便|时间上便捷,约一个月一次,约一个月一次,约一个月一次,约一个月一次,10-20元|20-30元,生鲜超市|电商平台|堂食门店|熟食店,不会，更注重口味。,自嗨锅|京东生鲜|海底捞,食品安全问题,多多注意食品安全卫生问题就行
女,18-25岁,不了解,堂食|预制菜,价格实惠|时间上便捷,约一个月一次,几乎每天,几乎每天,几乎每天,10-20元|20-30元,电商平台|堂食门店,会，大品牌放心可靠。,自嗨锅|海底捞,食品安全问题|购买配送问题,尽量做到安全卫生
女,18-25岁,了解,堂食|外卖|打包自提|方便面类食品,口味多样|地点上方便|时间上便捷,几乎每天,约一个礼拜一次,约一个礼拜一次,几乎每天,10-20元|20-30元,生鲜超市|电商平台|堂食门店,不会，更注重口味。,自嗨锅|海底捞,价格问题|菜品种类问题|食品安全问题,无
女,18-25岁,不了解,买菜做饭,价格实惠|干净卫生,几乎不,几乎不,几乎不,几乎不,10-20元,生鲜超市,不会，更注重口味。,其他,食品安全问题,无
女,18-25岁,了解,堂食,价格实惠,约一个礼拜一次,几乎不,几乎不,几乎每天,10-20元,堂食门店,不会，更注重口味。,自嗨锅,菜品种类问题|食品安全问题,没意见
女,18-25岁,不了解,堂食|买菜做饭,价格实惠|干净卫生,约一个礼拜一次,约一个礼拜一次,几乎每天,几乎不,20-30元,生鲜超市,不会，更注重口味。,其他,价格问题|菜品种类问题,品种多样，物美价廉
女,18-25岁,不了解,堂食,地点上方便,约一个礼拜一次,几乎每天,几乎每天,几乎每天,10-20元,生鲜超市,会，大品牌放心可靠。,其他,食品安全问题,保证食品安全
女,18-25岁,不了解,买菜做饭,干净卫生,几乎不,几乎不,几乎不,几乎不,10-20元,生鲜超市,不会，更注重口味。,其他,食品安全问题,无
女,18-25岁,了解,堂食|外卖|打包自提|预制菜|方便面类食品,时间上便捷,约一个礼拜一次,几乎不,约一个月一次,约一个礼拜一次,10-20元|20-30元,生鲜超市|堂食门店|熟食店,会，大品牌放心可靠。,自嗨锅|海底捞,菜品种类问题|食品安全问题,希望注重食品安全
女,18-25岁,不了解,外卖|买菜做饭,价格实惠|口味多样|干净卫生,几乎每天,几乎每天,几乎每天,几乎每天,30-40元,生鲜超市,会，大品牌放心可靠。,自嗨锅|西贝,价格问题,。
女,18-25岁,不了解,买菜做饭,干净卫生,约一个礼拜一次,约一个礼拜一次,约一个礼拜一次,约一个礼拜一次,30-40元,生鲜超市|堂食门店,不会，更注重口味。,其他,菜品种类问题|食品安全问题,无
女,18-25岁,不了解,买菜做饭,干净卫生,约一个礼拜一次,约一个礼拜一次,约一个礼拜一次,约一个礼拜一次,30-40元,生鲜超市|堂食门店,不会，更注重口味。,其他,菜品种类问题|食品安全问题,无
女,18-25岁,不了解,买菜做饭,干净卫生,约一个月一次,约一个月一次,几乎每天,约一个月一次,20-30元|30-40元,生鲜超市|熟食店,会，大品牌放心可靠。,自嗨锅|海底捞,价格问题|菜品种类问题|食品安全问题|购买配送问题,干净卫生，价格实惠
女,18-25岁,不了解,堂食,口味多样|干净卫生,约一个礼拜一次,几乎不,约一个礼拜一次,约一个月一次,10-20元|20-30元,生鲜超市|熟食店,会，大品牌放心可靠。,知味观|自嗨锅|西贝|京东生鲜,菜品种类问题|食品安全问题,无意间
女,18-25岁,不了解,堂食|打包自提|预制菜|买菜做饭,价格实惠|口味多样|干净卫生,约一个礼拜一次,约一个月一次,几乎不,几乎不,10-20元|20-30元,生鲜超市|熟食店,会，大品牌放心可靠。,知味观|自嗨锅|京东生鲜|海底捞,菜品种类问题|食品安全问题,无意见
女,18-25岁,不了解,堂食|买菜做饭,干净卫生|地点上方便,约一个礼拜一次,约一个礼拜一次,约一个月一次,几乎不,10-20元|20-30元|30-40元|40元及以上,生鲜超市|堂食门店,不会，更注重口味。,自嗨锅|京东生鲜|海底捞,价格问题|菜品种类问题|食品安全问题|购买配送问题,加油
女,18-25岁,不了解,堂食|买菜做饭,价格实惠|口味多样|干净卫生,约一个礼拜一次,约一个月一次,约一个月一次,约一个礼拜一次,10-20元|20-30元,生鲜超市,不会，更注重口味。,其他,食品安全问题,安全放心就好。
女,18-25岁,不了解,外卖|买菜做饭,价格实惠|口味多样,几乎每天,几乎每天,几乎每天,几乎每天,20-30元,生鲜超市|熟食店,会，大品牌放心可靠。,自嗨锅|海底捞,食品安全问题,希望可以多动多样化
女,18-25岁,了解,打包自提,价格实惠|口味多样|干净卫生|地点上方便|时间上便捷,约一个月一次,几乎不,约一个月一次,几乎不,10-20元|20-30元,生鲜超市|电商平台|堂食门店|熟食店,会，大品牌放心可靠。,知味观|正大|自嗨锅|西贝|京东生鲜|海底捞,价格问题|菜品种类问题|食品安全问题|购买配送问题,食材安全
女,18-25岁,不了解,堂食,价格实惠,约一个礼拜一次,约一个礼拜一次,几乎每天,几乎每天,10-20元|20-30元,生鲜超市,会，大品牌放心可靠。,知味观|正大|自嗨锅|京东生鲜,价格问题|食品安全问题,无
女,18岁以下,不了解,堂食,价格实惠,约一个礼拜一次,约一个礼拜一次,几乎每天,几乎每天,10-20元|20-30元,生鲜超市|电商平台|堂食门店,会，大品牌放心可靠。,知味观|自嗨锅|京东生鲜,价格问题|食品安全问题,无
女,18-25岁,不了解,堂食|外卖|方便面类食品,价格实惠|口味多样|干净卫生,几乎每天,约一个月一次,几乎每天,约一个月一次,10-20元|20-30元,生鲜超市|熟食店,会，大品牌放心可靠。,知味观|自嗨锅,价格问题|菜品种类问题|食品安全问题|购买配送问题,好吃实惠
女,18-25岁,不了解,买菜做饭,干净卫生,约一个月一次,约一个月一次,约一个月一次,约一个月一次,30-40元,生鲜超市|电商平台,不会，更注重口味。,自嗨锅,菜品种类问题,都不错
女,18-25岁,了解,堂食,价格实惠,几乎每天,几乎每天,几乎每天,几乎每天,10-20元,电商平台,不会，更注重口味。,自嗨锅|海底捞,食品安全问题,哈哈哈
女,18-25岁,不了解,方便面类食品,时间上便捷,约一个礼拜一次,几乎不,几乎不,几乎不,20-30元|30-40元,熟食店,不会，更注重口味。,自嗨锅|海底捞|其他,价格问题,不知道啊
女,18-25岁,不了解,买菜做饭,价格实惠|口味多样|干净卫生|时间上便捷,约一个礼拜一次,几乎每天,几乎每天,约一个礼拜一次,10-20元,生鲜超市,会，大品牌放心可靠。,知味观|自嗨锅|京东生鲜|海底捞|其他,价格问题|菜品种类问题,时间短
女,18-25岁,不了解,堂食,价格实惠|口味多样|干净卫生,约一个月一次,约一个月一次,几乎不,几乎不,10-20元,生鲜超市|堂食门店|熟食店,会，大品牌放心可靠。,知味观|正大|自嗨锅,价格问题|菜品种类问题|食品安全问题|购买配送问题,无意见
女,18岁以下,不了解,堂食|方便面类食品,地点上方便|时间上便捷,几乎不,约一个礼拜一次,几乎每天,几乎不,10-20元,生鲜超市,会，大品牌放心可靠。,西贝|京东生鲜,价格问题|食品安全问题,。
女,18-25岁,了解,堂食|买菜做饭,干净卫生,约一个礼拜一次,几乎每天,几乎每天,约一个礼拜一次,10-20元,生鲜超市,不会，更注重口味。,自嗨锅|海底捞,价格问题|菜品种类问题|食品安全问题|购买配送问题,无
女,18-25岁,不了解,堂食|外卖|买菜做饭,价格实惠|干净卫生,约一个礼拜一次,几乎不,几乎不,约一个月一次,10-20元,生鲜超市|电商平台|堂食门店,不会，更注重口味。,自嗨锅,食品安全问题,食品卫生安全
女,18-25岁,不了解,外卖,干净卫生,几乎每天,几乎每天,约一个礼拜一次,几乎每天,10-20元,生鲜超市,会，大品牌放心可靠。,知味观,价格问题,注意卫生
女,18-25岁,不了解,买菜做饭,地点上方便,约一个月一次,几乎不,几乎每天,约一个礼拜一次,40元及以上,熟食店,不会，更注重口味。,其他,食品安全问题,暂无
女,18-25岁,不了解,堂食|买菜做饭,价格实惠|干净卫生,几乎不,几乎不,几乎不,几乎不,10-20元,生鲜超市,会，大品牌放心可靠。,知味观|自嗨锅,菜品种类问题|食品安全问题,无
女,18-25岁,不了解,外卖,口味多样|地点上方便|时间上便捷,约一个礼拜一次,几乎每天,约一个礼拜一次,几乎每天,10-20元,生鲜超市,会，大品牌放心可靠。,自嗨锅,菜品种类问题,无
女,18-25岁,不了解,堂食|预制菜,干净卫生,约一个礼拜一次,约一个礼拜一次,约一个礼拜一次,约一个礼拜一次,10-20元,堂食门店,不会，更注重口味。,知味观,食品安全问题,没有意见
女,18-25岁,不了解,堂食|打包自提,口味多样|干净卫生,几乎每天,几乎不,几乎不,约一个礼拜一次,10-20元,生鲜超市,会，大品牌放心可靠。,京东生鲜|海底捞,价格问题,没有意见
女,18-25岁,了解,堂食|外卖|预制菜|买菜做饭,价格实惠|口味多样|干净卫生,约一个礼拜一次,约一个礼拜一次,几乎不,几乎不,10-20元|20-30元,生鲜超市|堂食门店,会，大品牌放心可靠。,自嗨锅|海底捞,价格问题|菜品种类问题|食品安全问题,希望吃的安全
女,45岁以上,不了解,买菜做饭,价格实惠|口味多样|干净卫生,几乎不,几乎不,几乎不,几乎不,20-30元|30-40元,生鲜超市,会，大品牌放心可靠。,自嗨锅,食品安全问题|购买配送问题,注重卫生
女,18-25岁,不了解,买菜做饭,价格实惠|干净卫生,约一个月一次,几乎不,约一个月一次,几乎不,10-20元,生鲜超市|熟食店,会，大品牌放心可靠。,自嗨锅|海底捞,价格问题|菜品种类问题|食品安全问题|购买配送问题,无
女,18-25岁,了解,堂食|打包自提,口味多样,约一个礼拜一次,约一个礼拜一次,几乎每天,几乎不,30-40元,生鲜超市,不会，更注重口味。,自嗨锅|海底捞,价格问题,慢慢变好
女,18-25岁,不了解,预制菜|买菜做饭|方便面类食品,时间上便捷,约一个礼拜一次,约一个礼拜一次,约一个月一次,约一个月一次,10-20元|20-30元,生鲜超市,不会，更注重口味。,自嗨锅|京东生鲜|海底捞,价格问题|菜品种类问题|食品安全问题|购买配送问题,无
女,18-25岁,不了解,买菜做饭|方便面类食品,干净卫生|时间上便捷,约一个月一次,几乎不,约一个月一次,约一个月一次,20-30元,生鲜超市|电商平台,会，大品牌放心可靠。,自嗨锅|京东生鲜,食品安全问题,需要再接再厉
女,45岁以上,不了解,买菜做饭,价格实惠|干净卫生,几乎不,几乎不,几乎不,几乎不,20-30元,生鲜超市,会，大品牌放心可靠。,海底捞,食品安全问题,抓好食品卫生是重中之重
女,18岁以下,不了解,打包自提|预制菜,口味多样|干净卫生,约一个礼拜一次,约一个礼拜一次,约一个礼拜一次,约一个月一次,20-30元,电商平台|堂食门店,会，大品牌放心可靠。,自嗨锅|西贝,菜品种类问题,无
男,18-25岁,不了解,外卖|打包自提|预制菜,口味多样|干净卫生|地点上方便,约一个礼拜一次,约一个礼拜一次,约一个礼拜一次,约一个礼拜一次,20-30元,生鲜超市|电商平台|堂食门店,不会，更注重口味。,自嗨锅|西贝|京东生鲜,菜品种类问题|食品安全问题,无
男,26-35岁,了解,外卖|预制菜|买菜做饭,价格实惠|口味多样|干净卫生,约一个礼拜一次,约一个礼拜一次,约一个礼拜一次,约一个礼拜一次,20-30元,生鲜超市|电商平台,会，大品牌放心可靠。,知味观|正大,价格问题|菜品种类问题,1
女,18-25岁,了解,堂食|外卖|打包自提,价格实惠|口味多样|时间上便捷,约一个礼拜一次,约一个礼拜一次,约一个礼拜一次,约一个礼拜一次,10-20元,生鲜超市,不会，更注重口味。,正大|自嗨锅,价格问题|菜品种类问题|食品安全问题|购买配送问题,无
女,18-25岁,不了解,外卖,地点上方便,约一个月一次,约一个月一次,约一个月一次,约一个月一次,20-30元,堂食门店,不会，更注重口味。,自嗨锅,菜品种类问题,无
女,18-25岁,不了解,打包自提|买菜做饭,价格实惠|干净卫生,约一个月一次,几乎每天,约一个月一次,约一个礼拜一次,30-40元,电商平台,会，大品牌放心可靠。,西贝,价格问题|食品安全问题,1
男,26-35岁,不了解,外卖|打包自提,口味多样|干净卫生,约一个礼拜一次,约一个月一次,约一个礼拜一次,约一个礼拜一次,20-30元|30-40元,生鲜超市|电商平台,会，大品牌放心可靠。,正大|自嗨锅,价格问题|菜品种类问题,问问
男,18-25岁,不了解,打包自提|预制菜|买菜做饭,价格实惠|口味多样|干净卫生,约一个礼拜一次,约一个礼拜一次,约一个礼拜一次,约一个礼拜一次,20-30元,电商平台|堂食门店,不会，更注重口味。,知味观|正大|自嗨锅,菜品种类问题|食品安全问题,暂无
女,26-35岁,不了解,堂食|外卖|打包自提,价格实惠|口味多样|干净卫生,约一个月一次,约一个月一次,约一个月一次,几乎每天,20-30元,生鲜超市|电商平台,会，大品牌放心可靠。,知味观|正大|自嗨锅,价格问题|菜品种类问题|食品安全问题|购买配送问题,无
女,18-25岁,不了解,堂食,价格实惠,几乎每天,约一个月一次,几乎每天,约一个礼拜一次,20-30元,生鲜超市,不会，更注重口味。,正大,价格问题,无
男,18-25岁,不了解,外卖|打包自提|预制菜,口味多样|干净卫生,约一个礼拜一次,约一个礼拜一次,约一个礼拜一次,约一个礼拜一次,20-30元,电商平台,会，大品牌放心可靠。,正大|西贝|京东生鲜,菜品种类问题|食品安全问题,没有
男,26-35岁,了解,外卖|买菜做饭,价格实惠|口味多样|地点上方便,约一个月一次,约一个礼拜一次,约一个礼拜一次,约一个礼拜一次,10-20元|20-30元,生鲜超市|电商平台|熟食店,会，大品牌放心可靠。,自嗨锅|西贝,菜品种类问题|食品安全问题,好的
男,18岁以下,不了解,堂食,干净卫生,约一个月一次,几乎每天,约一个月一次,几乎每天,20-30元,堂食门店,会，大品牌放心可靠。,京东生鲜,价格问题,2
男,26-35岁,不了解,堂食,口味多样,约一个月一次,约一个礼拜一次,约一个月一次,约一个月一次,30-40元,电商平台,不会，更注重口味。,正大,价格问题,无
女,18-25岁,了解,堂食|外卖|打包自提|预制菜|买菜做饭|方便面类食物,价格实惠|口味多样|干净卫生|地点上方便|时间上便捷,几乎每天,几乎每天,几乎每天,几乎每天,10-20元|20-30元|30-40元|40元及以上,生鲜超市|电商平台|堂食门店|熟食店,会，大品牌放心可靠。,知味观|正大|自嗨锅|西贝|京东生鲜|海底捞,价格问题|菜品种类问题|食品安全问题|购买配送问题,质量好
女,18-25岁,了解,打包自提,口味多样,约一个礼拜一次,约一个礼拜一次,约一个礼拜一次,约一个礼拜一次,20-30元,生鲜超市,会，大品牌放心可靠。,正大|自嗨锅,价格问题|菜品种类问题,无
男,18-25岁,不了解,堂食|打包自提|预制菜,价格实惠|干净卫生|地点上方便,几乎每天,约一个礼拜一次,几乎每天,约一个礼拜一次,20-30元|30-40元,生鲜超市|电商平台,会，大品牌放心可靠。,正大|西贝|京东生鲜,价格问题|食品安全问题,饿
男,26-35岁,了解,外卖|预制菜,口味多样|地点上方便,约一个礼拜一次,约一个礼拜一次,约一个礼拜一次,约一个礼拜一次,20-30元,生鲜超市|堂食门店,会，大品牌放心可靠。,正大|西贝|海底捞,菜品种类问题,无
女,26-35岁,不了解,打包自提,干净卫生,约一个礼拜一次,约一个月一次,约一个月一次,约一个月一次,30-40元,堂食门店,不会，更注重口味。,西贝|海底捞,菜品种类问题,无
男,18-25岁,了解,外卖,口味多样,约一个礼拜一次,约一个礼拜一次,几乎不,约一个礼拜一次,30-40元,堂食门店,会，大品牌放心可靠。,京东生鲜,购买配送问题,没有
男,18-25岁,不了解,堂食|预制菜,时间上便捷,几乎不,几乎不,约一个月一次,几乎不,30-40元,堂食门店,不会，更注重口味。,西贝,食品安全问题,，
女,26-35岁,了解,外卖|打包自提,口味多样|干净卫生,约一个礼拜一次,约一个礼拜一次,约一个月一次,约一个礼拜一次,20-30元,生鲜超市|电商平台,会，大品牌放心可靠。,正大|自嗨锅,价格问题,确保卫生安全
女,36-45岁,不了解,堂食,干净卫生,几乎每天,约一个月一次,约一个月一次,几乎每天,40元及以上,生鲜超市,会，大品牌放心可靠。,正大,菜品种类问题,没
女,26-35岁,了解,预制菜,干净卫生,约一个月一次,几乎每天,约一个礼拜一次,约一个月一次,20-30元,电商平台,会，大品牌放心可靠。,自嗨锅,菜品种类问题,无
女,26-35岁,了解,堂食|外卖|打包自提|预制菜,口味多样|干净卫生,约一个礼拜一次,约一个礼拜一次,约一个月一次,约一个礼拜一次,20-30元|30-40元,生鲜超市|电商平台|堂食门店,会，大品牌放心可靠。,正大|自嗨锅,菜品种类问题|食品安全问题,暂时没有什么
女,45岁以上,不了解,预制菜,口味多样,几乎每天,约一个礼拜一次,约一个礼拜一次,几乎每天,20-30元,熟食店,不会，更注重口味。,西贝,价格问题,99
女,26-35岁,了解,堂食|外卖|打包自提,价格实惠|口味多样|干净卫生,几乎每天,几乎每天,几乎每天,几乎每天,20-30元,生鲜超市|电商平台,会，大品牌放心可靠。,知味观,价格问题,没有
女,18岁以下,了解,堂食|预制菜|买菜做饭,价格实惠|干净卫生|地点上方便,约一个月一次,约一个月一次,约一个月一次,约一个月一次,10-20元|20-30元,生鲜超市|堂食门店,会，大品牌放心可靠。,知味观|西贝|海底捞,价格问题|购买配送问题,种类
女,26-35岁,了解,堂食|外卖|买菜做饭|方便面类食物,价格实惠|口味多样|时间上便捷,约一个礼拜一次,约一个礼拜一次,几乎每天,约一个礼拜一次,20-30元,生鲜超市|堂食门店,会，大品牌放心可靠。,知味观|正大|自嗨锅|西贝|京东生鲜|海底捞,价格问题|菜品种类问题,无
男,18-25岁,不了解,堂食,价格实惠,几乎不,约一个月一次,约一个礼拜一次,约一个礼拜一次,10-20元,生鲜超市,会，大品牌放心可靠。,正大,价格问题|菜品种类问题,无
男,26-35岁,了解,外卖,地点上方便,约一个月一次,约一个礼拜一次,几乎不,约一个月一次,20-30元,生鲜超市,不会，更注重口味。,正大,价格问题,无
女,26-35岁,不了解,堂食|预制菜,干净卫生|时间上便捷,约一个礼拜一次,约一个月一次,几乎不,几乎每天,20-30元,堂食门店,不会，更注重口味。,正大|京东生鲜|海底捞,菜品种类问题,健康监管
男,26-35岁,不了解,堂食|外卖,时间上便捷,约一个礼拜一次,约一个礼拜一次,约一个月一次,约一个月一次,20-30元,生鲜超市,会，大品牌放心可靠。,知味观|正大,价格问题|菜品种类问题|食品安全问题,提升服务
女,18-25岁,不了解,外卖|打包自提,地点上方便|时间上便捷,几乎不,几乎不,几乎不,几乎不,40元及以上,电商平台|熟食店,不会，更注重口味。,自嗨锅|西贝,购买配送问题,0
女,26-35岁,不了解,外卖|预制菜,口味多样|地点上方便,约一个礼拜一次,约一个礼拜一次,约一个月一次,约一个礼拜一次,20-30元,堂食门店,不会，更注重口味。,自嗨锅|西贝,菜品种类问题,无
女,26-35岁,了解,预制菜,口味多样|干净卫生,约一个礼拜一次,约一个礼拜一次,约一个礼拜一次,约一个礼拜一次,20-30元,生鲜超市,会，大品牌放心可靠。,自嗨锅,菜品种类问题,我没有什么好的建议
男,18-25岁,不了解,打包自提,干净卫生,约一个月一次,约一个礼拜一次,约一个礼拜一次,约一个月一次,20-30元,堂食门店,不会，更注重口味。,自嗨锅,菜品种类问题,无
女,18-25岁,了解,堂食,价格实惠,几乎每天,几乎每天,约一个礼拜一次,约一个礼拜一次,10-20元,生鲜超市,会，大品牌放心可靠。,知味观,价格问题,无
女,18-25岁,了解,外卖,价格实惠|口味多样,约一个礼拜一次,约一个月一次,约一个礼拜一次,几乎每天,20-30元|30-40元,堂食门店,会，大品牌放心可靠。,知味观,价格问题,绕太阳
男,26-35岁,不了解,堂食,价格实惠|口味多样,约一个月一次,约一个月一次,约一个礼拜一次,约一个月一次,10-20元|20-30元,生鲜超市|电商平台,会，大品牌放心可靠。,自嗨锅|海底捞,价格问题|菜品种类问题|食品安全问题,无
女,18-25岁,了解,外卖|预制菜,口味多样|地点上方便,约一个礼拜一次,约一个月一次,约一个礼拜一次,几乎每天,30-40元|40元及以上,电商平台|堂食门店,会，大品牌放心可靠。,知味观|西贝,菜品种类问题,个人
女,18-25岁,了解,外卖,价格实惠,约一个月一次,几乎每天,约一个礼拜一次,约一个礼拜一次,10-20元,生鲜超市,会，大品牌放心可靠。,正大,价格问题,加油
女,18-25岁,了解,打包自提|预制菜,口味多样|地点上方便,约一个礼拜一次,约一个月一次,几乎每天,约一个礼拜一次,10-20元|40元及以上,电商平台|堂食门店,会，大品牌放心可靠。,自嗨锅|京东生鲜,菜品种类问题|食品安全问题,多一些互动
男,18-25岁,不了解,外卖|打包自提,时间上便捷,几乎每天,约一个月一次,几乎不,约一个礼拜一次,40元及以上,熟食店,不会，更注重口味。,知味观|海底捞,购买配送问题,暂无
女,18-25岁,了解,打包自提,地点上方便,约一个礼拜一次,几乎每天,约一个礼拜一次,约一个月一次,20-30元,堂食门店,不会，更注重口味。,正大,菜品种类问题,承包商设计好
男,26-35岁,不了解,打包自提,干净卫生,约一个礼拜一次,约一个月一次,约一个礼拜一次,约一个月一次,30-40元,电商平台,会，大品牌放心可靠。,自嗨锅,价格问题,无
女,26-35岁,不了解,外卖|打包自提,口味多样,约一个礼拜一次,约一个月一次,约一个礼拜一次,约一个礼拜一次,10-20元,生鲜超市,不会，更注重口味。,自嗨锅|西贝,菜品种类问题,00
男,18岁以下,不了解,打包自提,口味多样,约一个礼拜一次,约一个礼拜一次,约一个礼拜一次,约一个礼拜一次,20-30元,生鲜超市,不会，更注重口味。,正大|自嗨锅,菜品种类问题,无
女,18-25岁,了解,堂食|外卖|打包自提|预制菜|方便面类食物,口味多样|干净卫生|地点上方便,几乎每天,几乎每天,几乎每天,约一个礼拜一次,20-30元,生鲜超市|电商平台|堂食门店|熟食店,会，大品牌放心可靠。,正大|自嗨锅|京东生鲜|海底捞,价格问题|菜品种类问题|食品安全问题,无
女,18-25岁,不了解,堂食,时间上便捷,几乎每天,几乎不,几乎不,几乎不,10-20元,熟食店,不会，更注重口味。,海底捞,购买配送问题,不好说的啊
女,18-25岁,不了解,外卖,地点上方便,约一个礼拜一次,约一个礼拜一次,约一个月一次,约一个月一次,20-30元,电商平台,会，大品牌放心可靠。,西贝,菜品种类问题,没有
女,18-25岁,了解,外卖|打包自提|预制菜,价格实惠|口味多样,约一个礼拜一次,约一个礼拜一次,约一个礼拜一次,约一个礼拜一次,20-30元,电商平台,会，大品牌放心可靠。,知味观|正大|自嗨锅,菜品种类问题|食品安全问题,关注食品安全问题
男,18-25岁,了解,堂食|外卖|预制菜,价格实惠|口味多样|干净卫生,约一个礼拜一次,几乎每天,约一个礼拜一次,几乎每天,10-20元,生鲜超市|电商平台|堂食门店,会，大品牌放心可靠。,知味观|正大|自嗨锅|京东生鲜|海底捞,价格问题|菜品种类问题|食品安全问题,价格合理 口味周到
女,18岁以下,不了解,堂食,价格实惠,约一个礼拜一次,约一个月一次,约一个礼拜一次,约一个月一次,10-20元,堂食门店,不会，更注重口味。,知味观,价格问题,滚动
女,26-35岁,不了解,外卖,地点上方便,几乎不,几乎不,几乎不,几乎不,20-30元,堂食门店,不会，更注重口味。,京东生鲜,菜品种类问题,0000
女,26-35岁,不了解,外卖,干净卫生,几乎每天,几乎不,几乎每天,几乎不,10-20元,生鲜超市,不会，更注重口味。,知味观,购买配送问题,额
女,26-35岁,了解,堂食|预制菜,价格实惠|口味多样|干净卫生,约一个礼拜一次,约一个礼拜一次,约一个礼拜一次,约一个礼拜一次,10-20元|20-30元,生鲜超市|电商平台|堂食门店,会，大品牌放心可靠。,知味观|正大|京东生鲜,价格问题|菜品种类问题|食品安全问题|购买配送问题,没有。
男,26-35岁,不了解,外卖,价格实惠,约一个礼拜一次,约一个礼拜一次,约一个礼拜一次,约一个礼拜一次,20-30元,熟食店,不会，更注重口味。,正大,价格问题,无
男,18-25岁,不了解,打包自提,价格实惠,约一个礼拜一次,约一个礼拜一次,几乎每天,约一个礼拜一次,20-30元,堂食门店,会，大品牌放心可靠。,京东生鲜,价格问题,嫁汉嫁汉
男,26-35岁,了解,外卖,口味多样|地点上方便,约一个礼拜一次,约一个礼拜一次,约一个月一次,约一个礼拜一次,10-20元,生鲜超市|电商平台,会，大品牌放心可靠。,正大|京东生鲜,菜品种类问题|食品安全问题,暂无
女,18-25岁,不了解,外卖|打包自提|买菜做饭,口味多样|地点上方便,约一个礼拜一次,约一个月一次,约一个礼拜一次,约一个礼拜一次,20-30元|30-40元,电商平台,会，大品牌放心可靠。,正大|京东生鲜,价格问题|食品安全问题,无
男,18-25岁,不了解,预制菜,地点上方便,约一个月一次,几乎不,几乎不,约一个月一次,20-30元,堂食门店,不会，更注重口味。,自嗨锅,食品安全问题,九分减肥减肥
女,26-35岁,了解,堂食|预制菜|买菜做饭,口味多样|干净卫生,几乎每天,几乎每天,几乎每天,约一个礼拜一次,30-40元,电商平台,会，大品牌放心可靠。,正大|自嗨锅,菜品种类问题|食品安全问题,保证食品质量
男,18-25岁,不了解,打包自提|预制菜,干净卫生|地点上方便,约一个礼拜一次,约一个礼拜一次,约一个月一次,约一个月一次,30-40元,电商平台,会，大品牌放心可靠。,正大|自嗨锅|西贝,菜品种类问题,多增加种类
男,26-35岁,不了解,外卖|买菜做饭,干净卫生|时间上便捷,约一个月一次,约一个礼拜一次,约一个礼拜一次,约一个礼拜一次,10-20元|20-30元,生鲜超市|电商平台,会，大品牌放心可靠。,知味观|自嗨锅,价格问题|食品安全问题,加大明星代言
女,36-45岁,不了解,堂食|预制菜,价格实惠|口味多样|干净卫生,几乎不,几乎不,几乎不,几乎不,20-30元,生鲜超市|电商平台,不会，更注重口味。,知味观|自嗨锅,价格问题|菜品种类问题,无
女,26-35岁,不了解,外卖,口味多样,几乎每天,约一个礼拜一次,几乎每天,约一个礼拜一次,10-20元,堂食门店,会，大品牌放心可靠。,正大,菜品种类问题,无
女,26-35岁,不了解,外卖|预制菜,干净卫生|地点上方便,约一个礼拜一次,约一个月一次,约一个礼拜一次,几乎每天,10-20元|30-40元,电商平台|堂食门店,不会，更注重口味。,正大|西贝,价格问题|菜品种类问题,无
男,26-35岁,了解,打包自提|预制菜|买菜做饭,口味多样|干净卫生,约一个礼拜一次,约一个礼拜一次,几乎每天,几乎每天,20-30元,生鲜超市|电商平台,会，大品牌放心可靠。,知味观|正大|海底捞,菜品种类问题|食品安全问题,物美价廉
女,26-35岁,不了解,方便面类食物,价格实惠|口味多样|干净卫生,几乎不,几乎不,几乎不,几乎不,10-20元,生鲜超市,不会，更注重口味。,其他:没有,价格问题|菜品种类问题|食品安全问题|购买配送问题,保障质量
男,26-35岁,不了解,外卖|打包自提,口味多样|干净卫生,约一个礼拜一次,几乎不,几乎不,约一个月一次,30-40元,电商平台|堂食门店,不会，更注重口味。,正大|自嗨锅,菜品种类问题|食品安全问题,个的人工人的
男,26-35岁,了解,外卖|打包自提,口味多样|地点上方便,约一个礼拜一次,约一个礼拜一次,约一个礼拜一次,约一个礼拜一次,20-30元,电商平台,会，大品牌放心可靠。,知味观|正大|自嗨锅,价格问题|菜品种类问题,很好
女,36-45岁,了解,堂食|外卖|打包自提,价格实惠|口味多样|干净卫生,几乎每天,几乎每天,几乎每天,几乎每天,20-30元,生鲜超市|电商平台|堂食门店,会，大品牌放心可靠。,知味观|正大|自嗨锅,价格问题|菜品种类问题|食品安全问题,已经很好了
女,26-35岁,了解,堂食|外卖|预制菜,价格实惠|口味多样|地点上方便,约一个礼拜一次,约一个礼拜一次,几乎每天,几乎每天,20-30元|30-40元,生鲜超市|电商平台|熟食店,会，大品牌放心可靠。,知味观|自嗨锅|西贝,价格问题|菜品种类问题|食品安全问题,暂无
男,36-45岁,了解,外卖,价格实惠|口味多样|干净卫生|时间上便捷,约一个礼拜一次,约一个礼拜一次,约一个礼拜一次,约一个礼拜一次,30-40元,生鲜超市|电商平台,会，大品牌放心可靠。,知味观|自嗨锅|京东生鲜|海底捞,价格问题|食品安全问题,无
女,18-25岁,不了解,堂食,价格实惠,几乎不,约一个月一次,几乎每天,几乎每天,20-30元,熟食店,不会，更注重口味。,京东生鲜,价格问题,没有
女,18-25岁,不了解,堂食|外卖,价格实惠|口味多样,约一个月一次,约一个月一次,约一个月一次,约一个礼拜一次,30-40元|40元及以上,生鲜超市|电商平台,不会，更注重口味。,知味观|正大,菜品种类问题,暂无
男,26-35岁,不了解,堂食|外卖|打包自提,价格实惠|口味多样|地点上方便|时间上便捷,几乎每天,几乎每天,约一个礼拜一次,约一个礼拜一次,20-30元,堂食门店|熟食店,不会，更注重口味。,正大,价格问题|食品安全问题|购买配送问题,保证预制菜的质量
男,26-35岁,了解,堂食|外卖|预制菜|方便面类食物,价格实惠|口味多样|时间上便捷,约一个礼拜一次,约一个礼拜一次,约一个礼拜一次,约一个礼拜一次,20-30元|30-40元,生鲜超市|电商平台|熟食店,会，大品牌放心可靠。,正大|自嗨锅|西贝|京东生鲜|海底捞,菜品种类问题,加强监督
女,18-25岁,了解,外卖,口味多样,约一个月一次,约一个礼拜一次,约一个礼拜一次,约一个礼拜一次,10-20元,生鲜超市,会，大品牌放心可靠。,知味观,价格问题,无
女,18-25岁,不了解,堂食|打包自提,口味多样|干净卫生,约一个月一次,约一个礼拜一次,约一个礼拜一次,约一个月一次,30-40元,熟食店,不会，更注重口味。,自嗨锅|西贝,菜品种类问题|食品安全问题,0
女,18-25岁,了解,打包自提,口味多样,约一个礼拜一次,约一个礼拜一次,约一个礼拜一次,约一个礼拜一次,20-30元,堂食门店,不会，更注重口味。,自嗨锅,菜品种类问题,新鲜
男,18-25岁,不了解,打包自提|预制菜|买菜做饭,干净卫生|地点上方便,约一个月一次,约一个礼拜一次,约一个礼拜一次,约一个月一次,20-30元,电商平台,不会，更注重口味。,正大,价格问题,无
男,18-25岁,不了解,外卖|方便面类食物,干净卫生|时间上便捷,约一个礼拜一次,约一个月一次,约一个礼拜一次,几乎不,20-30元,电商平台|熟食店,不会，更注重口味。,知味观|西贝,价格问题|食品安全问题,无
女,26-35岁,不了解,预制菜|买菜做饭,口味多样|干净卫生,约一个礼拜一次,约一个月一次,约一个礼拜一次,约一个礼拜一次,20-30元|30-40元,电商平台|堂食门店,会，大品牌放心可靠。,正大|自嗨锅,菜品种类问题,无
女,18-25岁,不了解,外卖|预制菜,价格实惠|干净卫生,约一个礼拜一次,几乎每天,约一个月一次,约一个月一次,20-30元,堂食门店,不会，更注重口味。,西贝,菜品种类问题,好好好好好
女,18岁以下,了解,堂食,口味多样,约一个礼拜一次,几乎每天,约一个礼拜一次,几乎每天,30-40元,堂食门店,不会，更注重口味。,知味观,食品安全问题,无
女,26-35岁,不了解,外卖|买菜做饭,干净卫生,约一个月一次,约一个礼拜一次,约一个月一次,约一个礼拜一次,20-30元,堂食门店,不会，更注重口味。,正大,购买配送问题,1
男,26-35岁,了解,堂食|外卖,干净卫生,约一个礼拜一次,几乎每天,约一个礼拜一次,约一个礼拜一次,30-40元,生鲜超市,会，大品牌放心可靠。,正大|西贝,菜品种类问题,无
男,45岁以上,了解,外卖|买菜做饭,地点上方便|时间上便捷,约一个礼拜一次,约一个礼拜一次,几乎不,几乎不,10-20元|20-30元,生鲜超市|堂食门店,会，大品牌放心可靠。,知味观,菜品种类问题|购买配送问题,"51515151115	"
女,26-35岁,了解,堂食|外卖|预制菜,口味多样,约一个礼拜一次,约一个礼拜一次,约一个月一次,几乎每天,20-30元,堂食门店,会，大品牌放心可靠。,正大|京东生鲜,菜品种类问题,无
男,26-35岁,不了解,堂食|外卖,口味多样|干净卫生,几乎每天,约一个月一次,几乎每天,几乎每天,20-30元,生鲜超市|电商平台,不会，更注重口味。,知味观|正大,价格问题|菜品种类问题,无
男,18岁以下,了解,预制菜,价格实惠,约一个月一次,几乎不,几乎不,几乎不,20-30元,堂食门店,不会，更注重口味。,海底捞,价格问题,汇丰大厦二维图
男,26-35岁,了解,外卖,时间上便捷,约一个礼拜一次,约一个礼拜一次,约一个礼拜一次,几乎每天,10-20元,生鲜超市,会，大品牌放心可靠。,正大|自嗨锅|京东生鲜|海底捞,价格问题|食品安全问题,我挺需要的，希望你们快研制
女,18-25岁,了解,预制菜|方便面类食物,地点上方便|时间上便捷,约一个月一次,约一个礼拜一次,几乎每天,约一个月一次,20-30元|40元及以上,电商平台|堂食门店,不会，更注重口味。,自嗨锅|西贝,食品安全问题,不错
女,26-35岁,了解,外卖|打包自提,口味多样|干净卫生,约一个礼拜一次,约一个礼拜一次,约一个礼拜一次,几乎每天,30-40元,电商平台,会，大品牌放心可靠。,自嗨锅,食品安全问题,无
男,18-25岁,不了解,堂食|打包自提|预制菜,口味多样|干净卫生|地点上方便,约一个礼拜一次,约一个月一次,约一个月一次,约一个礼拜一次,10-20元,生鲜超市|堂食门店,不会，更注重口味。,正大|自嗨锅|海底捞,菜品种类问题|购买配送问题,食品安全
女,45岁以上,不了解,方便面类食物,口味多样,几乎每天,约一个礼拜一次,约一个月一次,约一个礼拜一次,20-30元,熟食店,会，大品牌放心可靠。,知味观|正大,食品安全问题,无
女,18-25岁,了解,外卖|预制菜,价格实惠|口味多样,几乎每天,几乎每天,约一个礼拜一次,约一个月一次,20-30元,生鲜超市|堂食门店,会，大品牌放心可靠。,自嗨锅|西贝|京东生鲜,价格问题|菜品种类问题,可以线上售卖
女,18-25岁,不了解,外卖,价格实惠,几乎每天,约一个礼拜一次,约一个礼拜一次,几乎每天,10-20元,生鲜超市,不会，更注重口味。,自嗨锅,菜品种类问题,。
男,18-25岁,不了解,堂食|外卖|打包自提|买菜做饭|方便面类食物,价格实惠|口味多样|干净卫生,约一个月一次,约一个礼拜一次,约一个礼拜一次,约一个月一次,20-30元,电商平台|堂食门店,会，大品牌放心可靠。,知味观|正大|自嗨锅|西贝,价格问题|菜品种类问题|食品安全问题|购买配送问题,无
男,26-35岁,不了解,堂食|外卖|打包自提,口味多样|干净卫生|地点上方便,约一个礼拜一次,约一个礼拜一次,几乎每天,约一个礼拜一次,20-30元,生鲜超市|电商平台|堂食门店,会，大品牌放心可靠。,正大|自嗨锅,价格问题|菜品种类问题|食品安全问题,无
男,36-45岁,了解,外卖|预制菜|买菜做饭,口味多样|干净卫生,约一个礼拜一次,约一个礼拜一次,约一个礼拜一次,约一个礼拜一次,20-30元|30-40元,生鲜超市|电商平台,会，大品牌放心可靠。,知味观|正大|西贝,价格问题|菜品种类问题,无
男,18-25岁,了解,外卖,口味多样|地点上方便,几乎每天,几乎每天,几乎每天,几乎每天,10-20元|30-40元,生鲜超市|电商平台|堂食门店,会，大品牌放心可靠。,自嗨锅,食品安全问题,要注重安全方面
男,26-35岁,不了解,打包自提|预制菜,干净卫生|地点上方便,约一个礼拜一次,约一个礼拜一次,约一个礼拜一次,约一个月一次,20-30元,电商平台,会，大品牌放心可靠。,自嗨锅|西贝,菜品种类问题|食品安全问题,食品安全
女,18-25岁,了解,打包自提,地点上方便,几乎每天,约一个月一次,几乎每天,几乎每天,20-30元,堂食门店,不会，更注重口味。,自嗨锅,菜品种类问题,没
男,18-25岁,不了解,堂食|外卖,价格实惠|口味多样,几乎每天,约一个礼拜一次,几乎每天,约一个礼拜一次,20-30元|30-40元,电商平台|堂食门店,会，大品牌放心可靠。,知味观|正大,价格问题|菜品种类问题,无
女,26-35岁,不了解,外卖|打包自提,干净卫生,约一个礼拜一次,约一个礼拜一次,约一个礼拜一次,约一个月一次,20-30元|30-40元,电商平台,不会，更注重口味。,自嗨锅|西贝,菜品种类问题,0
男,26-35岁,了解,打包自提,干净卫生,约一个礼拜一次,约一个礼拜一次,约一个礼拜一次,约一个礼拜一次,20-30元,电商平台,会，大品牌放心可靠。,正大,菜品种类问题,司法所服务胜多负少的
男,26-35岁,不了解,堂食,价格实惠,几乎不,几乎不,几乎不,几乎不,10-20元,生鲜超市,不会，更注重口味。,知味观,价格问题,无
女,18-25岁,不了解,外卖|预制菜,干净卫生|时间上便捷,约一个礼拜一次,约一个礼拜一次,约一个礼拜一次,约一个礼拜一次,20-30元,电商平台|堂食门店,不会，更注重口味。,自嗨锅|西贝,菜品种类问题|购买配送问题,0
女,18-25岁,了解,外卖|打包自提,口味多样|干净卫生,约一个月一次,约一个礼拜一次,约一个月一次,约一个礼拜一次,20-30元,堂食门店,会，大品牌放心可靠。,京东生鲜,菜品种类问题,无
女,26-35岁,了解,外卖|预制菜,口味多样|地点上方便,约一个礼拜一次,约一个礼拜一次,约一个礼拜一次,约一个月一次,20-30元|30-40元,电商平台|堂食门店,会，大品牌放心可靠。,正大|西贝|海底捞,菜品种类问题|购买配送问题,注意卫生安全
女,18-25岁,了解,堂食|外卖,价格实惠|口味多样,几乎每天,约一个礼拜一次,约一个月一次,约一个月一次,20-30元,生鲜超市|电商平台|堂食门店|熟食店,不会，更注重口味。,正大|自嗨锅,价格问题|菜品种类问题,无
女,26-35岁,了解,堂食,地点上方便,几乎每天,约一个礼拜一次,约一个礼拜一次,约一个礼拜一次,20-30元,电商平台,会，大品牌放心可靠。,正大|自嗨锅,价格问题|菜品种类问题,无
女,26-35岁,不了解,堂食|外卖,价格实惠|口味多样,约一个月一次,约一个礼拜一次,约一个月一次,约一个礼拜一次,20-30元|30-40元,生鲜超市|电商平台|堂食门店,不会，更注重口味。,知味观|正大|自嗨锅,价格问题|菜品种类问题,没有
女,26-35岁,不了解,堂食|外卖,价格实惠|口味多样,约一个礼拜一次,约一个礼拜一次,约一个礼拜一次,约一个礼拜一次,10-20元,生鲜超市|电商平台,会，大品牌放心可靠。,知味观|正大,价格问题|菜品种类问题,无
男,26-35岁,了解,外卖|预制菜,口味多样|干净卫生,约一个礼拜一次,约一个礼拜一次,约一个礼拜一次,约一个礼拜一次,20-30元,电商平台|堂食门店,会，大品牌放心可靠。,知味观|自嗨锅|西贝,价格问题|食品安全问题,没有
男,36-45岁,不了解,堂食,价格实惠,几乎每天,几乎每天,几乎每天,约一个月一次,20-30元,电商平台,会，大品牌放心可靠。,知味观,食品安全问题,无
女,26-35岁,不了解,堂食|外卖|打包自提,口味多样|干净卫生,约一个礼拜一次,约一个礼拜一次,约一个礼拜一次,约一个礼拜一次,20-30元|30-40元,生鲜超市|电商平台,会，大品牌放心可靠。,知味观|正大|自嗨锅,菜品种类问题|食品安全问题,无
女,45岁以上,了解,预制菜|买菜做饭,口味多样|干净卫生,约一个礼拜一次,几乎每天,几乎每天,约一个礼拜一次,20-30元,生鲜超市|熟食店,不会，更注重口味。,正大|自嗨锅|京东生鲜|海底捞,价格问题|菜品种类问题|食品安全问题,食品安全卫生
女,26-35岁,不了解,堂食,口味多样|干净卫生,几乎不,几乎不,几乎不,几乎不,10-20元,生鲜超市,不会，更注重口味。,正大|京东生鲜,价格问题|食品安全问题,无
男,45岁以上,了解,堂食,价格实惠,约一个礼拜一次,约一个礼拜一次,约一个月一次,几乎每天,30-40元,堂食门店,会，大品牌放心可靠。,知味观|正大|海底捞,价格问题|食品安全问题|购买配送问题,预制菜是一个方便民众的方向，但是要价格公道，安全可靠，还要购买方便。
女,26-35岁,不了解,堂食|外卖,干净卫生|地点上方便,几乎不,几乎不,几乎不,几乎不,10-20元,生鲜超市,会，大品牌放心可靠。,知味观|京东生鲜,菜品种类问题|食品安全问题,无
男,18-25岁,不了解,堂食|外卖,口味多样|干净卫生,约一个礼拜一次,约一个礼拜一次,约一个月一次,约一个月一次,20-30元,生鲜超市|电商平台,不会，更注重口味。,知味观|正大,菜品种类问题|食品安全问题,无
女,18-25岁,不了解,堂食|外卖,价格实惠|口味多样,几乎不,约一个礼拜一次,约一个月一次,约一个礼拜一次,20-30元,生鲜超市|电商平台,会，大品牌放心可靠。,知味观|正大,价格问题|菜品种类问题,无
男,18-25岁,了解,堂食|打包自提|预制菜,价格实惠|口味多样|干净卫生,几乎每天,约一个礼拜一次,约一个礼拜一次,几乎每天,20-30元,生鲜超市,会，大品牌放心可靠。,知味观|正大|京东生鲜,价格问题|食品安全问题,继续制定新规章
男,18-25岁,了解,打包自提|买菜做饭,口味多样|干净卫生,几乎每天,约一个礼拜一次,约一个礼拜一次,约一个月一次,10-20元|30-40元,电商平台|堂食门店,会，大品牌放心可靠。,正大|西贝,价格问题|食品安全问题,无
女,26-35岁,不了解,预制菜,口味多样,约一个月一次,约一个礼拜一次,约一个礼拜一次,约一个礼拜一次,30-40元,电商平台,不会，更注重口味。,自嗨锅,食品安全问题,无
女,26-35岁,了解,打包自提|预制菜,口味多样|地点上方便,约一个礼拜一次,约一个礼拜一次,约一个礼拜一次,几乎每天,20-30元,生鲜超市|电商平台,会，大品牌放心可靠。,正大|自嗨锅|京东生鲜,菜品种类问题,没有
男,18-25岁,不了解,堂食|买菜做饭,价格实惠|口味多样|干净卫生,几乎不,几乎不,几乎每天,约一个礼拜一次,20-30元,生鲜超市|堂食门店,会，大品牌放心可靠。,正大|自嗨锅|海底捞,食品安全问题,食品安全问题要重视
女,26-35岁,不了解,外卖,口味多样,约一个礼拜一次,约一个礼拜一次,约一个礼拜一次,约一个礼拜一次,20-30元,电商平台,不会，更注重口味。,正大,菜品种类问题,无
女,18-25岁,不了解,打包自提,地点上方便,约一个礼拜一次,约一个月一次,约一个礼拜一次,约一个月一次,20-30元,电商平台,会，大品牌放心可靠。,京东生鲜,菜品种类问题,24E8-982C-1AB4-AFD3
女,26-35岁,了解,外卖|打包自提,口味多样|干净卫生|地点上方便,约一个礼拜一次,约一个礼拜一次,约一个礼拜一次,约一个礼拜一次,20-30元|30-40元,电商平台|堂食门店,会，大品牌放心可靠。,正大|自嗨锅,菜品种类问题|食品安全问题,无
男,36-45岁,不了解,堂食|外卖|买菜做饭|方便面类食物,口味多样|干净卫生|地点上方便,约一个礼拜一次,约一个礼拜一次,约一个礼拜一次,几乎每天,20-30元,生鲜超市|电商平台|堂食门店,会，大品牌放心可靠。,正大|自嗨锅,菜品种类问题|食品安全问题|购买配送问题,食品安全问题要重视
女,26-35岁,不了解,打包自提|预制菜,干净卫生,约一个礼拜一次,约一个礼拜一次,约一个月一次,约一个月一次,20-30元|30-40元,堂食门店,不会，更注重口味。,自嗨锅|京东生鲜|海底捞,菜品种类问题|食品安全问题,无
男,18-25岁,了解,堂食|外卖|买菜做饭|方便面类食物,价格实惠|口味多样|时间上便捷,约一个月一次,约一个礼拜一次,几乎每天,约一个礼拜一次,10-20元,生鲜超市|电商平台|堂食门店|熟食店,会，大品牌放心可靠。,正大|自嗨锅,价格问题|菜品种类问题|食品安全问题|购买配送问题,暂无
男,26-35岁,不了解,堂食|外卖|打包自提|买菜做饭|方便面类食物,价格实惠|口味多样|干净卫生|地点上方便|时间上便捷,约一个月一次,约一个月一次,几乎每天,约一个礼拜一次,10-20元|20-30元|30-40元,生鲜超市|电商平台|堂食门店|熟食店,会，大品牌放心可靠。,正大,菜品种类问题|食品安全问题|购买配送问题,无
女,26-35岁,不了解,堂食|外卖|打包自提,口味多样,约一个礼拜一次,约一个月一次,约一个礼拜一次,约一个月一次,10-20元|20-30元,电商平台,不会，更注重口味。,正大|西贝,菜品种类问题,无
女,26-35岁,不了解,堂食|外卖|打包自提|买菜做饭|方便面类食物,价格实惠|口味多样|干净卫生|地点上方便|时间上便捷,约一个礼拜一次,约一个礼拜一次,几乎每天,几乎每天,20-30元,生鲜超市|电商平台|堂食门店|熟食店,会，大品牌放心可靠。,知味观|正大|自嗨锅|京东生鲜|海底捞,价格问题|菜品种类问题|食品安全问题|购买配送问题,.
女,18-25岁,不了解,堂食|外卖,价格实惠|口味多样|地点上方便|时间上便捷,约一个礼拜一次,约一个礼拜一次,约一个礼拜一次,约一个礼拜一次,10-20元,生鲜超市,会，大品牌放心可靠。,知味观|正大|自嗨锅,价格问题|菜品种类问题|食品安全问题|购买配送问题,无
男,26-35岁,了解,堂食|外卖|打包自提,口味多样|干净卫生|地点上方便,几乎每天,约一个月一次,约一个礼拜一次,几乎每天,20-30元,电商平台|堂食门店,会，大品牌放心可靠。,知味观|自嗨锅|京东生鲜|海底捞,菜品种类问题|食品安全问题,无
女,18-25岁,了解,打包自提,干净卫生,约一个礼拜一次,约一个礼拜一次,约一个礼拜一次,约一个月一次,10-20元|20-30元,生鲜超市|堂食门店|熟食店,不会，更注重口味。,知味观|正大|海底捞,菜品种类问题|购买配送问题,无聊的很
男,18-25岁,了解,堂食|打包自提|预制菜,价格实惠|口味多样|干净卫生,几乎每天,约一个礼拜一次,约一个礼拜一次,约一个礼拜一次,20-30元,电商平台|堂食门店,会，大品牌放心可靠。,正大|自嗨锅|西贝,价格问题|食品安全问题,方便及时。安全。
男,18岁以下,了解,堂食|外卖|打包自提,价格实惠|口味多样|干净卫生,几乎每天,几乎每天,几乎每天,几乎每天,10-20元|20-30元|30-40元,生鲜超市|电商平台|堂食门店,不会，更注重口味。,知味观|正大|自嗨锅,价格问题|菜品种类问题|食品安全问题,0
女,26-35岁,不了解,打包自提,干净卫生,约一个礼拜一次,约一个礼拜一次,约一个月一次,约一个月一次,20-30元,电商平台,会，大品牌放心可靠。,自嗨锅,菜品种类问题,无
女,18-25岁,不了解,堂食,价格实惠|口味多样|干净卫生,约一个月一次,约一个月一次,约一个月一次,几乎不,10-20元,生鲜超市|电商平台,不会，更注重口味。,正大|自嗨锅,价格问题|菜品种类问题|食品安全问题|购买配送问题,无
男,18-25岁,不了解,堂食,干净卫生,约一个月一次,约一个月一次,约一个月一次,约一个月一次,30-40元,电商平台,会，大品牌放心可靠。,正大,价格问题,无
女,26-35岁,了解,打包自提|预制菜,价格实惠|口味多样,约一个礼拜一次,几乎每天,约一个礼拜一次,几乎每天,10-20元|20-30元,电商平台,会，大品牌放心可靠。,知味观|正大|自嗨锅,价格问题,没有
女,26-35岁,不了解,打包自提,口味多样,约一个月一次,约一个月一次,约一个礼拜一次,约一个礼拜一次,20-30元|30-40元,电商平台|堂食门店,会，大品牌放心可靠。,正大|自嗨锅,菜品种类问题,打造优质品牌，服务四方百姓
女,18-25岁,不了解,堂食|外卖|打包自提,口味多样|干净卫生,约一个月一次,约一个礼拜一次,约一个月一次,约一个礼拜一次,20-30元|30-40元,电商平台,不会，更注重口味。,正大|自嗨锅|西贝,菜品种类问题,没有
女,26-35岁,了解,外卖,口味多样,约一个月一次,约一个月一次,约一个月一次,约一个礼拜一次,20-30元,生鲜超市|堂食门店|熟食店,不会，更注重口味。,自嗨锅|海底捞,价格问题|菜品种类问题|食品安全问题|购买配送问题,保证品质
女,26-35岁,不了解,外卖|打包自提,口味多样|干净卫生,约一个礼拜一次,约一个礼拜一次,约一个礼拜一次,约一个礼拜一次,20-30元,电商平台,会，大品牌放心可靠。,正大|西贝,菜品种类问题|食品安全问题,无
男,26-35岁,了解,外卖|预制菜,口味多样|地点上方便,约一个礼拜一次,约一个礼拜一次,约一个月一次,约一个礼拜一次,20-30元|30-40元,电商平台|堂食门店,会，大品牌放心可靠。,正大|西贝,菜品种类问题|购买配送问题,保证健康安全，营养搭配
女,18岁以下,不了解,堂食|外卖|打包自提|预制菜|买菜做饭|方便面类食物,价格实惠|口味多样|地点上方便|时间上便捷,约一个礼拜一次,约一个月一次,几乎每天,几乎每天,10-20元|20-30元,生鲜超市|电商平台|熟食店,不会，更注重口味。,自嗨锅|京东生鲜|海底捞,食品安全问题|购买配送问题,我认为预制菜应该对于口味和新鲜程度提升一下，因为我曾买过预制菜变质的情况
女,26-35岁,不了解,堂食,口味多样,约一个礼拜一次,几乎每天,几乎每天,约一个礼拜一次,30-40元,生鲜超市,不会，更注重口味。,知味观,菜品种类问题,无
男,26-35岁,了解,外卖|打包自提|买菜做饭,口味多样|干净卫生|地点上方便,约一个礼拜一次,约一个礼拜一次,几乎每天,约一个礼拜一次,10-20元|30-40元,生鲜超市|堂食门店,会，大品牌放心可靠。,知味观|正大|自嗨锅,菜品种类问题|食品安全问题|购买配送问题,无
男,18岁以下,了解,堂食|预制菜,价格实惠|口味多样,几乎每天,几乎每天,几乎每天,几乎每天,20-30元,电商平台,会，大品牌放心可靠。,正大,价格问题,店叔叔给
女,26-35岁,不了解,堂食,价格实惠,约一个月一次,约一个礼拜一次,几乎每天,几乎每天,20-30元,生鲜超市|堂食门店,会，大品牌放心可靠。,正大|海底捞,价格问题|食品安全问题,主要是卫生和质量安全
男,26-35岁,不了解,外卖|方便面类食物,价格实惠|地点上方便,约一个礼拜一次,约一个礼拜一次,约一个月一次,约一个月一次,10-20元|20-30元,生鲜超市|堂食门店,不会，更注重口味。,正大|自嗨锅|京东生鲜,价格问题|菜品种类问题|食品安全问题,没有
女,36-45岁,了解,打包自提|买菜做饭,干净卫生|地点上方便|时间上便捷,几乎每天,几乎每天,几乎每天,约一个月一次,10-20元|40元及以上,生鲜超市|堂食门店|熟食店,不会，更注重口味。,正大|京东生鲜,价格问题|菜品种类问题,无
女,18-25岁,了解,堂食|外卖|打包自提|方便面类食物,口味多样|地点上方便|时间上便捷,约一个礼拜一次,约一个月一次,约一个礼拜一次,约一个月一次,10-20元,电商平台|熟食店,不会，更注重口味。,知味观|正大|自嗨锅|西贝|京东生鲜|海底捞,价格问题|菜品种类问题|食品安全问题|购买配送问题,食品安全很重要
男,26-35岁,不了解,打包自提,口味多样,约一个月一次,约一个月一次,约一个月一次,约一个礼拜一次,20-30元,堂食门店,不会，更注重口味。,正大,菜品种类问题,后悔不后悔
女,18-25岁,不了解,堂食,价格实惠,几乎每天,几乎不,几乎不,几乎不,10-20元,堂食门店,不会，更注重口味。,自嗨锅,食品安全问题,无
男,18-25岁,不了解,堂食|外卖|打包自提|预制菜,价格实惠|口味多样|干净卫生,约一个礼拜一次,约一个礼拜一次,几乎每天,约一个月一次,10-20元|20-30元,电商平台|堂食门店,会，大品牌放心可靠。,正大|自嗨锅|西贝|京东生鲜,菜品种类问题|购买配送问题,无
男,26-35岁,不了解,外卖|打包自提,干净卫生|地点上方便,几乎每天,约一个月一次,约一个礼拜一次,约一个月一次,20-30元,堂食门店,不会，更注重口味。,自嗨锅|西贝,菜品种类问题|食品安全问题,的未来还需时间的检验，请您
女,18-25岁,不了解,堂食|预制菜,地点上方便,几乎每天,约一个月一次,约一个月一次,约一个月一次,40元及以上,生鲜超市|电商平台,不会，更注重口味。,知味观|正大,食品安全问题,0
女,26-35岁,了解,打包自提|预制菜|买菜做饭,口味多样|干净卫生|地点上方便,约一个礼拜一次,约一个礼拜一次,约一个礼拜一次,几乎每天,20-30元|30-40元,电商平台|堂食门店,会，大品牌放心可靠。,知味观|自嗨锅|西贝,菜品种类问题,ok
女,26-35岁,了解,打包自提|预制菜|买菜做饭,价格实惠|干净卫生|时间上便捷,约一个礼拜一次,几乎每天,约一个礼拜一次,几乎每天,20-30元,生鲜超市|电商平台|熟食店,会，大品牌放心可靠。,正大|自嗨锅|京东生鲜,价格问题|菜品种类问题|食品安全问题|购买配送问题,挺好的了加油吧
女,18-25岁,不了解,外卖|打包自提,干净卫生|地点上方便,约一个礼拜一次,约一个礼拜一次,几乎每天,几乎每天,20-30元,电商平台|堂食门店,会，大品牌放心可靠。,正大|自嗨锅,菜品种类问题|食品安全问题,没有呢
男,18-25岁,不了解,打包自提,干净卫生,约一个礼拜一次,几乎每天,约一个礼拜一次,约一个月一次,20-30元,堂食门店,不会，更注重口味。,西贝,购买配送问题,宁国府v计划v
女,26-35岁,了解,外卖|打包自提|买菜做饭,口味多样|地点上方便,约一个月一次,约一个礼拜一次,约一个月一次,约一个礼拜一次,20-30元|30-40元,电商平台|堂食门店,会，大品牌放心可靠。,知味观|自嗨锅|京东生鲜,菜品种类问题|购买配送问题,可以
女,18-25岁,不了解,打包自提|预制菜,口味多样|干净卫生,约一个礼拜一次,约一个礼拜一次,约一个月一次,几乎每天,20-30元,堂食门店,会，大品牌放心可靠。,知味观|正大,菜品种类问题,1
女,26-35岁,了解,打包自提|买菜做饭,干净卫生,约一个礼拜一次,约一个礼拜一次,约一个礼拜一次,约一个礼拜一次,20-30元,电商平台,不会，更注重口味。,自嗨锅|京东生鲜,食品安全问题,无
女,18-25岁,不了解,堂食|打包自提,价格实惠|口味多样,约一个月一次,约一个礼拜一次,几乎每天,约一个礼拜一次,10-20元|20-30元,电商平台|堂食门店,不会，更注重口味。,正大|西贝|海底捞,菜品种类问题|食品安全问题,无
女,18-25岁,不了解,堂食,干净卫生,约一个礼拜一次,约一个月一次,约一个月一次,约一个月一次,20-30元,电商平台,会，大品牌放心可靠。,知味观,菜品种类问题,无
男,26-35岁,了解,堂食|买菜做饭,价格实惠,几乎每天,几乎每天,几乎每天,几乎每天,10-20元|40元及以上,电商平台|熟食店,不会，更注重口味。,知味观|京东生鲜,价格问题|购买配送问题,无
女,45岁以上,了解,外卖,口味多样,几乎每天,几乎不,约一个礼拜一次,约一个礼拜一次,10-20元,堂食门店,会，大品牌放心可靠。,自嗨锅,菜品种类问题,2
女,18-25岁,不了解,堂食,价格实惠,几乎每天,几乎每天,几乎每天,几乎每天,10-20元,生鲜超市,会，大品牌放心可靠。,知味观,价格问题,全方面加强细节
女,18-25岁,不了解,外卖|打包自提,口味多样|干净卫生,约一个礼拜一次,约一个月一次,约一个礼拜一次,约一个礼拜一次,20-30元,堂食门店,会，大品牌放心可靠。,自嗨锅,菜品种类问题,无
男,26-35岁,不了解,外卖,价格实惠,几乎每天,约一个月一次,几乎每天,几乎每天,30-40元,生鲜超市,会，大品牌放心可靠。,知味观,价格问题,健康
女,26-35岁,不了解,堂食,干净卫生,几乎每天,几乎不,几乎每天,约一个月一次,10-20元,生鲜超市,不会，更注重口味。,知味观,价格问题,无
男,18-25岁,了解,外卖|打包自提|预制菜,价格实惠|口味多样|干净卫生,约一个礼拜一次,约一个月一次,约一个月一次,约一个礼拜一次,20-30元,电商平台|堂食门店,会，大品牌放心可靠。,知味观|正大|自嗨锅,价格问题|菜品种类问题,分工会哦
男,26-35岁,不了解,堂食|外卖|打包自提|预制菜,口味多样|干净卫生,约一个礼拜一次,几乎每天,几乎每天,几乎每天,20-30元|30-40元,电商平台|堂食门店,会，大品牌放心可靠。,知味观|正大|自嗨锅,价格问题,无
女,26-35岁,了解,打包自提,干净卫生,约一个礼拜一次,约一个礼拜一次,约一个月一次,约一个月一次,20-30元,生鲜超市,会，大品牌放心可靠。,西贝,菜品种类问题,无
女,18-25岁,不了解,外卖,口味多样,约一个月一次,约一个月一次,约一个月一次,约一个礼拜一次,30-40元,电商平台,不会，更注重口味。,正大,菜品种类问题,无
男,26-35岁,了解,外卖|打包自提,干净卫生|地点上方便,几乎每天,约一个礼拜一次,几乎每天,几乎每天,20-30元,生鲜超市|电商平台,会，大品牌放心可靠。,正大|自嗨锅|西贝,菜品种类问题,不错
女,26-35岁,了解,买菜做饭,干净卫生,约一个月一次,约一个月一次,约一个月一次,约一个月一次,30-40元,堂食门店,不会，更注重口味。,自嗨锅,食品安全问题,无
女,26-35岁,了解,打包自提,干净卫生,约一个月一次,约一个礼拜一次,约一个礼拜一次,约一个礼拜一次,20-30元,堂食门店,会，大品牌放心可靠。,正大,菜品种类问题,好好喝啤酒就不一样
女,18-25岁,了解,外卖|预制菜,口味多样,约一个礼拜一次,约一个礼拜一次,几乎每天,约一个礼拜一次,20-30元,电商平台,会，大品牌放心可靠。,正大|京东生鲜,菜品种类问题|食品安全问题,没有啊啊
女,36-45岁,不了解,买菜做饭,口味多样|干净卫生,约一个月一次,约一个月一次,约一个月一次,约一个礼拜一次,10-20元,生鲜超市,会，大品牌放心可靠。,正大|自嗨锅,价格问题|菜品种类问题,无
女,26-35岁,了解,堂食|预制菜,价格实惠|口味多样|干净卫生|地点上方便,约一个礼拜一次,约一个礼拜一次,约一个礼拜一次,约一个礼拜一次,30-40元,电商平台|堂食门店,会，大品牌放心可靠。,知味观|正大|自嗨锅,菜品种类问题|食品安全问题,无
男,26-35岁,不了解,打包自提|预制菜,干净卫生|地点上方便,约一个礼拜一次,约一个礼拜一次,约一个礼拜一次,约一个月一次,20-30元,电商平台,不会，更注重口味。,自嗨锅,菜品种类问题,还好
女,18-25岁,了解,堂食|买菜做饭,价格实惠|口味多样|干净卫生,约一个礼拜一次,约一个礼拜一次,几乎每天,几乎每天,10-20元,生鲜超市|堂食门店,会，大品牌放心可靠。,正大|自嗨锅,食品安全问题|购买配送问题,无
男,36-45岁,了解,堂食,干净卫生,几乎不,约一个月一次,约一个月一次,约一个月一次,20-30元,生鲜超市|电商平台,会，大品牌放心可靠。,正大|西贝,食品安全问题,质量安全才是根本
女,26-35岁,不了解,打包自提|预制菜|买菜做饭,价格实惠|口味多样|干净卫生,约一个月一次,约一个月一次,约一个月一次,约一个礼拜一次,20-30元,生鲜超市|电商平台,会，大品牌放心可靠。,正大|自嗨锅|海底捞,菜品种类问题|食品安全问题,没有意见
女,45岁以上,了解,堂食|外卖,价格实惠|口味多样|时间上便捷,几乎每天,几乎每天,几乎每天,几乎每天,20-30元|30-40元,生鲜超市|堂食门店,会，大品牌放心可靠。,知味观|正大|自嗨锅,菜品种类问题|食品安全问题,无
女,18-25岁,不了解,外卖|买菜做饭,价格实惠|干净卫生|时间上便捷,几乎每天,约一个礼拜一次,约一个月一次,几乎每天,30-40元,电商平台|堂食门店,会，大品牌放心可靠。,正大|自嗨锅|海底捞,菜品种类问题|食品安全问题,好的，谢谢
男,26-35岁,了解,堂食|外卖,价格实惠|口味多样,约一个月一次,约一个礼拜一次,约一个月一次,约一个月一次,10-20元|20-30元,生鲜超市|电商平台,会，大品牌放心可靠。,知味观|正大,价格问题|菜品种类问题,无
女,18-25岁,不了解,堂食|外卖|预制菜|买菜做饭,价格实惠|口味多样|干净卫生|时间上便捷,约一个月一次,约一个月一次,约一个礼拜一次,约一个月一次,20-30元,生鲜超市|电商平台|堂食门店,不会，更注重口味。,正大|自嗨锅|西贝,价格问题|菜品种类问题|食品安全问题,普及更多
女,26-35岁,不了解,打包自提,干净卫生,约一个礼拜一次,约一个礼拜一次,约一个礼拜一次,约一个礼拜一次,20-30元,电商平台,不会，更注重口味。,知味观,价格问题,无
男,18-25岁,不了解,堂食,地点上方便,约一个礼拜一次,几乎不,几乎不,约一个礼拜一次,40元及以上,生鲜超市,会，大品牌放心可靠。,正大,菜品种类问题,无
男,18-25岁,了解,堂食|打包自提,口味多样|干净卫生,约一个礼拜一次,约一个礼拜一次,约一个月一次,约一个月一次,20-30元|30-40元,电商平台|堂食门店,会，大品牌放心可靠。,正大|西贝,菜品种类问题,希望越来越好
男,36-45岁,不了解,堂食|打包自提,价格实惠|口味多样,几乎每天,约一个礼拜一次,约一个礼拜一次,几乎每天,10-20元,生鲜超市,会，大品牌放心可靠。,知味观|自嗨锅,价格问题|菜品种类问题,无
男,26-35岁,了解,打包自提|预制菜,干净卫生|地点上方便,约一个礼拜一次,约一个礼拜一次,约一个月一次,几乎每天,20-30元|30-40元,电商平台|堂食门店,会，大品牌放心可靠。,正大|西贝|京东生鲜,菜品种类问题|食品安全问题,没有
男,36-45岁,不了解,堂食|打包自提|买菜做饭,口味多样|地点上方便|时间上便捷,几乎每天,约一个礼拜一次,几乎每天,约一个礼拜一次,20-30元,生鲜超市|电商平台|堂食门店,会，大品牌放心可靠。,正大|自嗨锅|京东生鲜|海底捞,价格问题|菜品种类问题|食品安全问题,质量保证，价格适宜
男,18-25岁,不了解,堂食|打包自提|买菜做饭,价格实惠|干净卫生|时间上便捷,约一个月一次,约一个月一次,约一个月一次,约一个礼拜一次,20-30元|30-40元,生鲜超市|电商平台|熟食店,会，大品牌放心可靠。,正大|自嗨锅|海底捞,价格问题|菜品种类问题|食品安全问题,食物安全问题要得到保障
女,18-25岁,不了解,外卖,干净卫生,几乎不,约一个礼拜一次,约一个月一次,约一个礼拜一次,20-30元,堂食门店,不会，更注重口味。,正大,菜品种类问题,好
女,18-25岁,不了解,外卖,时间上便捷,约一个礼拜一次,约一个月一次,几乎每天,约一个礼拜一次,30-40元,堂食门店,不会，更注重口味。,自嗨锅,食品安全问题,无
男,18岁以下,了解,外卖|打包自提,口味多样|干净卫生,约一个礼拜一次,约一个月一次,几乎每天,约一个礼拜一次,20-30元,堂食门店,会，大品牌放心可靠。,正大|自嗨锅,价格问题|菜品种类问题,1111
男,26-35岁,了解,买菜做饭,价格实惠|干净卫生,约一个礼拜一次,约一个月一次,约一个礼拜一次,几乎不,10-20元,生鲜超市,会，大品牌放心可靠。,正大|自嗨锅|海底捞,价格问题|菜品种类问题|食品安全问题,无
男,26-35岁,了解,打包自提|预制菜,口味多样|地点上方便,约一个礼拜一次,约一个礼拜一次,几乎每天,约一个礼拜一次,20-30元|30-40元,生鲜超市|电商平台,会，大品牌放心可靠。,知味观|正大|自嗨锅,价格问题|菜品种类问题|食品安全问题,没有
女,26-35岁,了解,堂食|外卖,价格实惠|口味多样,几乎每天,几乎每天,几乎每天,几乎每天,20-30元|30-40元,电商平台|堂食门店,会，大品牌放心可靠。,知味观|正大,价格问题|菜品种类问题,无
女,26-35岁,不了解,堂食|外卖,口味多样|干净卫生,约一个礼拜一次,约一个礼拜一次,约一个礼拜一次,约一个月一次,20-30元|30-40元,生鲜超市|堂食门店,会，大品牌放心可靠。,正大|自嗨锅,菜品种类问题|食品安全问题,无
女,18-25岁,不了解,堂食|打包自提|预制菜|买菜做饭,价格实惠|口味多样|干净卫生|地点上方便,约一个礼拜一次,约一个月一次,约一个月一次,约一个礼拜一次,20-30元,电商平台|堂食门店,会，大品牌放心可靠。,正大|西贝|京东生鲜,价格问题|菜品种类问题|食品安全问题,无
男,36-45岁,不了解,堂食,价格实惠|干净卫生,约一个月一次,几乎不,几乎不,几乎不,20-30元,生鲜超市,会，大品牌放心可靠。,其他:无,菜品种类问题,口味提升
男,18-25岁,了解,外卖|打包自提,口味多样|干净卫生,约一个礼拜一次,约一个月一次,约一个礼拜一次,约一个礼拜一次,30-40元,电商平台,会，大品牌放心可靠。,正大|自嗨锅,菜品种类问题|食品安全问题,无
男,26-35岁,不了解,买菜做饭,价格实惠|口味多样|干净卫生,约一个月一次,约一个礼拜一次,约一个礼拜一次,几乎不,20-30元,生鲜超市,会，大品牌放心可靠。,正大|自嗨锅,价格问题|菜品种类问题|食品安全问题|购买配送问题,无
男,26-35岁,不了解,堂食|买菜做饭,干净卫生,几乎不,几乎不,几乎不,几乎不,20-30元,生鲜超市|电商平台,会，大品牌放心可靠。,正大,价格问题|菜品种类问题|食品安全问题,必须要安全
女,26-35岁,了解,堂食|打包自提,价格实惠|口味多样,几乎每天,几乎每天,几乎每天,几乎每天,20-30元,生鲜超市|电商平台,会，大品牌放心可靠。,知味观|正大|自嗨锅,价格问题|菜品种类问题,保证菜的新鲜
男,18-25岁,不了解,堂食|外卖|买菜做饭,口味多样|干净卫生,约一个月一次,约一个礼拜一次,约一个月一次,约一个月一次,20-30元,生鲜超市,不会，更注重口味。,正大|西贝,菜品种类问题,无
女,26-35岁,了解,堂食|外卖|打包自提,价格实惠|口味多样|地点上方便,几乎每天,约一个月一次,约一个礼拜一次,约一个礼拜一次,20-30元,电商平台|堂食门店,会，大品牌放心可靠。,知味观|正大|自嗨锅,菜品种类问题|食品安全问题,无
男,26-35岁,了解,打包自提|买菜做饭,口味多样|干净卫生,约一个礼拜一次,几乎每天,约一个礼拜一次,约一个礼拜一次,10-20元|30-40元,生鲜超市|堂食门店,会，大品牌放心可靠。,正大|西贝,价格问题|食品安全问题,无
男,18岁以下,不了解,堂食,价格实惠,几乎每天,约一个月一次,几乎每天,约一个月一次,40元及以上,生鲜超市,不会，更注重口味。,知味观,价格问题,2
男,18-25岁,不了解,堂食|外卖,口味多样,约一个礼拜一次,约一个礼拜一次,约一个礼拜一次,约一个礼拜一次,20-30元,电商平台,会，大品牌放心可靠。,正大|自嗨锅,菜品种类问题|食品安全问题,更加丰富多彩
女,36-45岁,了解,打包自提|预制菜,干净卫生|地点上方便,约一个礼拜一次,约一个礼拜一次,约一个礼拜一次,约一个礼拜一次,30-40元,电商平台|堂食门店,会，大品牌放心可靠。,正大|自嗨锅,价格问题,没有
男,18-25岁,不了解,外卖,价格实惠|口味多样|干净卫生,约一个月一次,约一个月一次,约一个月一次,约一个月一次,20-30元,生鲜超市|电商平台|堂食门店,会，大品牌放心可靠。,知味观|正大|自嗨锅|京东生鲜|海底捞,价格问题|菜品种类问题|食品安全问题,无
女,18-25岁,了解,堂食|外卖|打包自提|买菜做饭|方便面类食物,价格实惠|口味多样|地点上方便|时间上便捷,几乎每天,几乎每天,几乎每天,几乎每天,20-30元,生鲜超市|堂食门店,会，大品牌放心可靠。,正大|自嗨锅|京东生鲜|海底捞,价格问题|菜品种类问题|食品安全问题|购买配送问题,大大改进
女,36-45岁,不了解,堂食|外卖|买菜做饭,价格实惠|口味多样|干净卫生,几乎每天,几乎每天,几乎每天,几乎每天,20-30元|30-40元,生鲜超市|电商平台,不会，更注重口味。,正大|西贝,价格问题|菜品种类问题,没有
女,18-25岁,不了解,堂食|外卖,价格实惠|干净卫生,约一个礼拜一次,约一个礼拜一次,约一个月一次,约一个礼拜一次,20-30元,电商平台,会，大品牌放心可靠。,正大|西贝,食品安全问题,wu
女,45岁以上,了解,堂食|买菜做饭,干净卫生,约一个月一次,约一个礼拜一次,几乎每天,约一个月一次,20-30元,生鲜超市|熟食店,会，大品牌放心可靠。,自嗨锅|海底捞,菜品种类问题|食品安全问题,绿色环保健康
男,18-25岁,了解,堂食|外卖|预制菜|买菜做饭|方便面类食物,价格实惠|口味多样|干净卫生|地点上方便|时间上便捷,约一个礼拜一次,约一个礼拜一次,约一个礼拜一次,约一个礼拜一次,20-30元,生鲜超市|电商平台,会，大品牌放心可靠。,正大|自嗨锅|海底捞,菜品种类问题|食品安全问题,没有
男,18-25岁,了解,外卖|打包自提,时间上便捷,约一个礼拜一次,约一个礼拜一次,几乎每天,几乎不,20-30元|30-40元,生鲜超市|熟食店,不会，更注重口味。,正大|自嗨锅,食品安全问题|购买配送问题,有没有国家标准，没有就赶紧制定
女,18-25岁,不了解,堂食|买菜做饭,干净卫生,几乎不,几乎不,几乎不,几乎不,10-20元|20-30元,生鲜超市|电商平台,不会，更注重口味。,知味观|正大,价格问题|食品安全问题,/
男,26-35岁,不了解,外卖|预制菜,价格实惠|口味多样|地点上方便,约一个礼拜一次,约一个礼拜一次,约一个礼拜一次,约一个礼拜一次,10-20元|20-30元|30-40元,生鲜超市|电商平台|熟食店,会，大品牌放心可靠。,知味观|自嗨锅|西贝,价格问题|菜品种类问题|食品安全问题,无
女,26-35岁,了解,堂食|外卖|预制菜|买菜做饭,价格实惠|口味多样|干净卫生|地点上方便|时间上便捷,约一个礼拜一次,约一个礼拜一次,约一个礼拜一次,几乎不,10-20元|20-30元|30-40元,生鲜超市|电商平台,会，大品牌放心可靠。,知味观|正大|自嗨锅|京东生鲜|海底捞,价格问题|菜品种类问题|食品安全问题|购买配送问题,严格
男,18-25岁,了解,外卖|预制菜,口味多样|地点上方便,几乎每天,约一个礼拜一次,约一个礼拜一次,几乎每天,20-30元|30-40元,电商平台|堂食门店,会，大品牌放心可靠。,自嗨锅|京东生鲜,菜品种类问题,健康最重要
女,18-25岁,不了解,预制菜,口味多样,几乎不,几乎每天,几乎不,约一个礼拜一次,20-30元,电商平台,不会，更注重口味。,正大,菜品种类问题,无
女,26-35岁,了解,堂食|打包自提|买菜做饭,口味多样|干净卫生,约一个礼拜一次,约一个礼拜一次,约一个月一次,几乎每天,30-40元,电商平台|堂食门店,会，大品牌放心可靠。,知味观|京东生鲜,菜品种类问题|食品安全问题,无
女,26-35岁,了解,外卖|预制菜|方便面类食物,口味多样|地点上方便,约一个礼拜一次,约一个礼拜一次,约一个月一次,约一个月一次,20-30元,电商平台,会，大品牌放心可靠。,正大|西贝,菜品种类问题|食品安全问题,没有
男,26-35岁,不了解,堂食|外卖|打包自提,口味多样|干净卫生,约一个礼拜一次,约一个礼拜一次,约一个礼拜一次,约一个礼拜一次,30-40元|40元及以上,生鲜超市|电商平台,会，大品牌放心可靠。,知味观|正大|自嗨锅,价格问题,无
女,26-35岁,了解,堂食|买菜做饭,口味多样|地点上方便,约一个月一次,约一个月一次,约一个礼拜一次,约一个礼拜一次,30-40元,生鲜超市,会，大品牌放心可靠。,正大|自嗨锅|京东生鲜|海底捞,菜品种类问题|食品安全问题,没有建议
女,26-35岁,了解,外卖|打包自提,口味多样|干净卫生,约一个礼拜一次,约一个礼拜一次,几乎每天,约一个礼拜一次,20-30元|30-40元,生鲜超市|电商平台,会，大品牌放心可靠。,正大|自嗨锅,菜品种类问题|食品安全问题,无
男,45岁以上,不了解,预制菜|买菜做饭|方便面类食物,口味多样|干净卫生|地点上方便,几乎不,几乎不,几乎不,几乎不,20-30元|30-40元,生鲜超市|电商平台|堂食门店|熟食店,会，大品牌放心可靠。,知味观|正大,价格问题|菜品种类问题|食品安全问题,的
女,26-35岁,了解,外卖|方便面类食物,价格实惠|时间上便捷,几乎每天,约一个礼拜一次,约一个礼拜一次,约一个礼拜一次,20-30元,生鲜超市|电商平台,会，大品牌放心可靠。,正大|自嗨锅|海底捞,菜品种类问题|食品安全问题,无
男,18-25岁,了解,堂食,口味多样|干净卫生,约一个礼拜一次,约一个礼拜一次,约一个礼拜一次,几乎每天,10-20元,生鲜超市|电商平台,不会，更注重口味。,正大|自嗨锅,菜品种类问题|食品安全问题,口味还得注重
女,18-25岁,不了解,堂食,价格实惠,几乎每天,几乎每天,约一个礼拜一次,几乎每天,20-30元,生鲜超市,不会，更注重口味。,知味观,购买配送问题,没有
女,26-35岁,了解,外卖|打包自提|预制菜,口味多样|干净卫生|地点上方便,约一个礼拜一次,约一个礼拜一次,约一个礼拜一次,约一个月一次,20-30元,电商平台|堂食门店,会，大品牌放心可靠。,正大|自嗨锅|西贝,菜品种类问题|食品安全问题,无
男,26-35岁,不了解,外卖|预制菜,口味多样|干净卫生,几乎不,约一个月一次,约一个月一次,约一个月一次,20-30元|30-40元,电商平台|堂食门店,会，大品牌放心可靠。,知味观|正大,菜品种类问题|食品安全问题,25
女,18-25岁,不了解,买菜做饭,时间上便捷,几乎每天,约一个礼拜一次,几乎每天,几乎不,10-20元,电商平台,不会，更注重口味。,知味观,价格问题,bgd
女,26-35岁,不了解,打包自提|预制菜,口味多样|干净卫生,约一个礼拜一次,约一个礼拜一次,约一个礼拜一次,约一个礼拜一次,20-30元,电商平台,会，大品牌放心可靠。,自嗨锅|西贝,菜品种类问题|食品安全问题,无
男,18-25岁,不了解,堂食|预制菜,价格实惠,约一个礼拜一次,几乎不,几乎不,约一个礼拜一次,10-20元|30-40元,电商平台|堂食门店,会，大品牌放心可靠。,正大|京东生鲜|海底捞,食品安全问题|购买配送问题,无
男,18-25岁,了解,外卖|打包自提,口味多样,约一个礼拜一次,约一个月一次,约一个礼拜一次,约一个月一次,20-30元,堂食门店,会，大品牌放心可靠。,知味观|自嗨锅,菜品种类问题|食品安全问题,无
男,26-35岁,了解,堂食|外卖|买菜做饭,价格实惠|口味多样|地点上方便|时间上便捷,约一个礼拜一次,约一个月一次,约一个礼拜一次,几乎不,20-30元|30-40元,生鲜超市|堂食门店,会，大品牌放心可靠。,正大|自嗨锅|海底捞,价格问题|食品安全问题,希望卫生提上去
女,36-45岁,不了解,外卖|打包自提|预制菜|买菜做饭,价格实惠|口味多样|干净卫生|地点上方便|时间上便捷,几乎每天,几乎每天,几乎每天,几乎每天,10-20元,生鲜超市|电商平台|堂食门店|熟食店,会，大品牌放心可靠。,知味观|正大|自嗨锅|京东生鲜,价格问题|菜品种类问题|食品安全问题|购买配送问题,还好我喜欢
女,26-35岁,了解,堂食|打包自提|预制菜,口味多样|干净卫生,约一个礼拜一次,约一个礼拜一次,几乎每天,约一个礼拜一次,10-20元|20-30元,生鲜超市|电商平台,会，大品牌放心可靠。,知味观|正大|西贝,价格问题|食品安全问题,无
女,36-45岁,不了解,打包自提,干净卫生,约一个礼拜一次,约一个礼拜一次,约一个礼拜一次,约一个月一次,20-30元,电商平台,不会，更注重口味。,自嗨锅,菜品种类问题,无
女,18岁以下,了解,堂食|外卖,价格实惠|口味多样,约一个礼拜一次,约一个礼拜一次,约一个礼拜一次,约一个礼拜一次,10-20元|20-30元,生鲜超市|电商平台,会，大品牌放心可靠。,知味观|正大,价格问题|菜品种类问题,吊灯
女,26-35岁,不了解,外卖,时间上便捷,约一个月一次,几乎不,几乎不,约一个月一次,40元及以上,堂食门店,不会，更注重口味。,知味观,食品安全问题,无
女,45岁以上,不了解,打包自提,口味多样,几乎每天,约一个月一次,几乎不,几乎每天,20-30元,熟食店,不会，更注重口味。,知味观,价格问题,000
男,26-35岁,了解,堂食|外卖|预制菜|买菜做饭,价格实惠|口味多样|干净卫生,几乎每天,几乎每天,几乎每天,几乎每天,30-40元,生鲜超市|电商平台|熟食店,会，大品牌放心可靠。,知味观|正大|自嗨锅,价格问题|菜品种类问题|食品安全问题,放木炭灰
女,18-25岁,了解,打包自提|预制菜|买菜做饭,口味多样|干净卫生|地点上方便,约一个礼拜一次,约一个礼拜一次,约一个礼拜一次,几乎每天,10-20元|20-30元,生鲜超市|电商平台|堂食门店,会，大品牌放心可靠。,知味观|正大|自嗨锅,价格问题|菜品种类问题|食品安全问题,无
男,26-35岁,了解,堂食|外卖|打包自提|预制菜|买菜做饭|方便面类食物,口味多样|地点上方便|时间上便捷,约一个礼拜一次,约一个礼拜一次,约一个礼拜一次,约一个月一次,20-30元|30-40元,生鲜超市|堂食门店,会，大品牌放心可靠。,正大|自嗨锅|西贝|海底捞,菜品种类问题,无
男,18-25岁,了解,打包自提|预制菜,口味多样|干净卫生|地点上方便,约一个礼拜一次,约一个礼拜一次,约一个礼拜一次,约一个礼拜一次,20-30元,生鲜超市|电商平台,会，大品牌放心可靠。,正大|京东生鲜,菜品种类问题|食品安全问题,保证菜品的口味
男,26-35岁,了解,堂食|外卖|预制菜,口味多样|干净卫生,约一个礼拜一次,约一个礼拜一次,约一个礼拜一次,约一个礼拜一次,20-30元|30-40元|40元及以上,生鲜超市|电商平台|熟食店,会，大品牌放心可靠。,知味观|正大|自嗨锅|西贝|京东生鲜|海底捞,菜品种类问题,无
男,18-25岁,不了解,外卖|预制菜,口味多样|地点上方便,约一个礼拜一次,约一个月一次,几乎不,几乎每天,20-30元|40元及以上,生鲜超市|堂食门店,不会，更注重口味。,正大|西贝,菜品种类问题,加油
女,26-35岁,了解,堂食|外卖|预制菜,价格实惠|口味多样,约一个礼拜一次,约一个礼拜一次,约一个礼拜一次,约一个礼拜一次,20-30元,生鲜超市|电商平台,会，大品牌放心可靠。,正大|西贝|京东生鲜|海底捞,价格问题|食品安全问题,进一步提高产品性价比
男,26-35岁,了解,堂食|打包自提,口味多样|地点上方便,约一个礼拜一次,约一个礼拜一次,约一个礼拜一次,约一个礼拜一次,20-30元,电商平台,会，大品牌放心可靠。,自嗨锅,价格问题|菜品种类问题,无
男,18-25岁,不了解,外卖,干净卫生,几乎不,几乎不,几乎不,几乎不,40元及以上,堂食门店,不会，更注重口味。,京东生鲜,食品安全问题,1
男,26-35岁,不了解,堂食|外卖,价格实惠|干净卫生|地点上方便,几乎每天,约一个礼拜一次,约一个礼拜一次,几乎每天,10-20元|20-30元,生鲜超市|电商平台,会，大品牌放心可靠。,知味观|自嗨锅|西贝|海底捞,价格问题|食品安全问题,无
女,26-35岁,不了解,外卖|打包自提,口味多样,几乎不,几乎不,几乎不,约一个月一次,30-40元,生鲜超市|电商平台,会，大品牌放心可靠。,正大|西贝,价格问题|食品安全问题,加大宣传力度
女,26-35岁,了解,堂食|外卖|预制菜,地点上方便|时间上便捷,约一个礼拜一次,约一个礼拜一次,约一个礼拜一次,几乎每天,20-30元,生鲜超市|电商平台,会，大品牌放心可靠。,正大|自嗨锅|海底捞,价格问题|菜品种类问题|食品安全问题|购买配送问题,食材要新鲜，种类多一点
男,26-35岁,了解,堂食|外卖,价格实惠|口味多样,约一个礼拜一次,约一个礼拜一次,几乎每天,约一个礼拜一次,20-30元|30-40元,生鲜超市|电商平台,会，大品牌放心可靠。,知味观|正大|自嗨锅,价格问题|菜品种类问题,没有
女,26-35岁,了解,堂食|外卖,口味多样|干净卫生|时间上便捷,约一个礼拜一次,约一个礼拜一次,约一个礼拜一次,约一个月一次,20-30元,生鲜超市|电商平台,会，大品牌放心可靠。,知味观|正大,菜品种类问题|食品安全问题,不错
女,26-35岁,了解,打包自提,干净卫生,约一个礼拜一次,约一个礼拜一次,约一个礼拜一次,约一个礼拜一次,20-30元,电商平台,会，大品牌放心可靠。,知味观|正大,价格问题,无
男,18-25岁,了解,外卖|打包自提,口味多样|干净卫生,约一个礼拜一次,约一个月一次,约一个礼拜一次,约一个礼拜一次,20-30元,生鲜超市|电商平台,会，大品牌放心可靠。,正大|京东生鲜,菜品种类问题|食品安全问题,无
女,18-25岁,不了解,堂食|外卖|打包自提,价格实惠|地点上方便|时间上便捷,约一个月一次,约一个月一次,约一个月一次,约一个礼拜一次,10-20元,生鲜超市|堂食门店,不会，更注重口味。,正大|自嗨锅|海底捞,价格问题|菜品种类问题|食品安全问题,普及堂食和外卖服务，丰富种类
男,26-35岁,了解,外卖,干净卫生,几乎每天,几乎每天,几乎每天,约一个月一次,30-40元,电商平台,会，大品牌放心可靠。,自嗨锅,食品安全问题,慢慢
男,26-35岁,了解,外卖|买菜做饭,干净卫生|地点上方便,约一个月一次,约一个月一次,约一个礼拜一次,约一个礼拜一次,30-40元,电商平台|堂食门店,会，大品牌放心可靠。,自嗨锅|京东生鲜,食品安全问题,注意食品安全
女,26-35岁,不了解,打包自提,口味多样,约一个月一次,约一个礼拜一次,约一个月一次,几乎每天,20-30元|40元及以上,电商平台|堂食门店|熟食店,不会，更注重口味。,知味观|自嗨锅,菜品种类问题|食品安全问题,没有见意
男,26-35岁,不了解,堂食|外卖|打包自提|买菜做饭|方便面类食物,价格实惠|地点上方便|时间上便捷,几乎每天,几乎每天,约一个礼拜一次,几乎每天,20-30元,生鲜超市|电商平台|堂食门店|熟食店,会，大品牌放心可靠。,知味观|正大|自嗨锅|京东生鲜|海底捞,价格问题|菜品种类问题|食品安全问题|购买配送问题,配送及时
男,18-25岁,不了解,外卖|预制菜,口味多样|地点上方便,约一个月一次,约一个礼拜一次,约一个礼拜一次,约一个礼拜一次,10-20元|30-40元,电商平台|堂食门店,不会，更注重口味。,自嗨锅|京东生鲜,菜品种类问题|食品安全问题,无
男,26-35岁,了解,外卖|方便面类食物,口味多样|地点上方便,约一个礼拜一次,约一个礼拜一次,几乎每天,约一个月一次,20-30元,电商平台|堂食门店,会，大品牌放心可靠。,正大|自嗨锅|京东生鲜,价格问题|菜品种类问题,相关部门要做好监管
男,36-45岁,了解,堂食|外卖|预制菜,价格实惠|口味多样,几乎每天,几乎每天,几乎每天,约一个礼拜一次,20-30元|30-40元,生鲜超市|电商平台,会，大品牌放心可靠。,正大|自嗨锅,菜品种类问题,叔
男,45岁以上,了解,预制菜,价格实惠|干净卫生,约一个礼拜一次,约一个礼拜一次,约一个礼拜一次,约一个礼拜一次,10-20元,电商平台,会，大品牌放心可靠。,正大,价格问题,价格低一些
女,18岁以下,不了解,外卖|预制菜,口味多样|地点上方便,约一个月一次,约一个礼拜一次,约一个礼拜一次,几乎每天,10-20元|30-40元,电商平台|熟食店,不会，更注重口味。,正大|西贝,价格问题|购买配送问题,天天风风光光
女,26-35岁,了解,外卖|买菜做饭,干净卫生,约一个月一次,几乎不,约一个礼拜一次,几乎不,20-30元,生鲜超市,会，大品牌放心可靠。,自嗨锅|京东生鲜,菜品种类问题|食品安全问题,预制菜在未来会成为年轻一族的首选，更应注意食品安全卫生把控。
女,26-35岁,了解,打包自提|预制菜,口味多样|干净卫生,约一个礼拜一次,约一个礼拜一次,约一个月一次,约一个礼拜一次,20-30元,电商平台,会，大品牌放心可靠。,自嗨锅|西贝,菜品种类问题|食品安全问题,加油
男,26-35岁,了解,外卖|打包自提|预制菜,价格实惠|干净卫生|地点上方便,约一个礼拜一次,约一个月一次,约一个礼拜一次,约一个月一次,10-20元|20-30元,生鲜超市|电商平台,会，大品牌放心可靠。,正大|自嗨锅|京东生鲜,菜品种类问题|食品安全问题,无
女,18-25岁,了解,外卖|预制菜|买菜做饭|方便面类食物,价格实惠|口味多样|地点上方便|时间上便捷,约一个礼拜一次,约一个礼拜一次,约一个礼拜一次,几乎不,10-20元|20-30元|30-40元,生鲜超市|电商平台|熟食店,会，大品牌放心可靠。,知味观|正大|西贝|海底捞,价格问题|菜品种类问题|食品安全问题|购买配送问题,无
男,36-45岁,了解,堂食|外卖|预制菜|买菜做饭,价格实惠|口味多样,几乎每天,几乎每天,几乎每天,约一个礼拜一次,20-30元|30-40元,生鲜超市|电商平台,会，大品牌放心可靠。,正大|自嗨锅,菜品种类问题,好
女,26-35岁,不了解,外卖|预制菜,口味多样|干净卫生,约一个礼拜一次,约一个礼拜一次,约一个礼拜一次,约一个礼拜一次,30-40元,电商平台|堂食门店,不会，更注重口味。,正大|自嗨锅,菜品种类问题|食品安全问题,无
女,26-35岁,了解,外卖,地点上方便,约一个礼拜一次,约一个礼拜一次,约一个礼拜一次,约一个月一次,30-40元,电商平台,会，大品牌放心可靠。,自嗨锅|西贝,菜品种类问题,无
女,18-25岁,了解,打包自提|预制菜,口味多样,约一个月一次,约一个礼拜一次,约一个礼拜一次,约一个月一次,20-30元,电商平台,会，大品牌放心可靠。,正大|自嗨锅|海底捞,菜品种类问题|食品安全问题,食品质量监督
女,18-25岁,不了解,外卖,口味多样,约一个礼拜一次,约一个礼拜一次,约一个礼拜一次,约一个礼拜一次,10-20元,生鲜超市,不会，更注重口味。,自嗨锅,价格问题,无
女,26-35岁,了解,外卖|买菜做饭,口味多样|干净卫生,约一个月一次,约一个礼拜一次,约一个月一次,几乎不,30-40元,电商平台|堂食门店,不会，更注重口味。,知味观|正大|自嗨锅,食品安全问题,无
男,36-45岁,了解,外卖|打包自提|买菜做饭|方便面类食物,口味多样|干净卫生|地点上方便,约一个月一次,约一个礼拜一次,约一个礼拜一次,约一个礼拜一次,20-30元|30-40元,电商平台|堂食门店|熟食店,会，大品牌放心可靠。,知味观|正大|自嗨锅|西贝,菜品种类问题|食品安全问题|购买配送问题,1
女,18-25岁,不了解,堂食|打包自提,口味多样|干净卫生,约一个礼拜一次,约一个礼拜一次,约一个礼拜一次,约一个礼拜一次,20-30元,生鲜超市|堂食门店,会，大品牌放心可靠。,知味观|西贝,价格问题|菜品种类问题,00
男,18-25岁,了解,打包自提|预制菜,价格实惠|干净卫生,约一个礼拜一次,约一个礼拜一次,几乎不,几乎不,20-30元|30-40元,生鲜超市|堂食门店,不会，更注重口味。,自嗨锅|西贝,食品安全问题,保证食品安全
男,36-45岁,了解,堂食|打包自提|买菜做饭|方便面类食物,价格实惠|干净卫生,约一个礼拜一次,约一个月一次,约一个礼拜一次,约一个礼拜一次,10-20元,生鲜超市|堂食门店|熟食店,会，大品牌放心可靠。,自嗨锅|海底捞,价格问题|菜品种类问题|食品安全问题,价格和质量
女,18-25岁,不了解,堂食,价格实惠,几乎每天,几乎不,几乎每天,几乎不,10-20元,熟食店,不会，更注重口味。,知味观,价格问题,没有
女,26-35岁,了解,外卖|打包自提,价格实惠|干净卫生,约一个礼拜一次,约一个礼拜一次,约一个月一次,约一个月一次,20-30元,生鲜超市|电商平台,会，大品牌放心可靠。,自嗨锅|京东生鲜|海底捞,菜品种类问题|食品安全问题,菜品创新
男,26-35岁,了解,打包自提|预制菜,口味多样|干净卫生,约一个月一次,约一个月一次,约一个月一次,约一个月一次,20-30元,电商平台|堂食门店,会，大品牌放心可靠。,正大|自嗨锅,菜品种类问题|食品安全问题,1
男,18-25岁,了解,外卖|买菜做饭,口味多样|地点上方便,约一个月一次,几乎不,约一个礼拜一次,约一个月一次,30-40元,电商平台,不会，更注重口味。,自嗨锅|西贝,价格问题,无
女,36-45岁,不了解,预制菜,口味多样,约一个礼拜一次,几乎不,约一个礼拜一次,约一个礼拜一次,30-40元,电商平台,不会，更注重口味。,西贝,菜品种类问题,无
女,18-25岁,了解,堂食|打包自提|预制菜,口味多样|干净卫生,约一个月一次,几乎每天,约一个礼拜一次,约一个礼拜一次,20-30元|30-40元,电商平台|堂食门店,会，大品牌放心可靠。,知味观|自嗨锅|京东生鲜|海底捞,价格问题|食品安全问题,加油
男,18-25岁,不了解,外卖|打包自提,口味多样|干净卫生|时间上便捷,约一个月一次,约一个礼拜一次,约一个月一次,几乎不,10-20元,生鲜超市|堂食门店,不会，更注重口味。,正大|自嗨锅|京东生鲜,食品安全问题,安全，不要坏的东西
女,18-25岁,不了解,堂食,口味多样,几乎不,约一个月一次,几乎不,几乎不,20-30元,电商平台,会，大品牌放心可靠。,京东生鲜,菜品种类问题,网易
男,18-25岁,不了解,外卖,口味多样,几乎不,几乎每天,约一个月一次,约一个礼拜一次,10-20元,生鲜超市,不会，更注重口味。,正大|自嗨锅,菜品种类问题,5
男,18-25岁,了解,堂食|外卖,口味多样|干净卫生,约一个礼拜一次,约一个礼拜一次,几乎每天,约一个礼拜一次,20-30元,电商平台,会，大品牌放心可靠。,正大|自嗨锅|西贝,价格问题|菜品种类问题,无
女,18-25岁,了解,堂食|打包自提|预制菜,价格实惠|口味多样|干净卫生,约一个礼拜一次,约一个月一次,约一个月一次,约一个月一次,20-30元,生鲜超市|电商平台|堂食门店,会，大品牌放心可靠。,正大|自嗨锅|海底捞,菜品种类问题|食品安全问题,无建议
女,26-35岁,了解,预制菜|方便面类食物,价格实惠|口味多样|干净卫生,几乎每天,几乎每天,约一个礼拜一次,约一个礼拜一次,10-20元|20-30元,生鲜超市|电商平台,会，大品牌放心可靠。,正大|京东生鲜|海底捞,价格问题|菜品种类问题|食品安全问题|购买配送问题,无
男,18-25岁,不了解,预制菜,干净卫生,约一个礼拜一次,约一个礼拜一次,约一个礼拜一次,约一个礼拜一次,20-30元,电商平台,不会，更注重口味。,西贝,食品安全问题,无
女,18-25岁,不了解,堂食|打包自提|买菜做饭,价格实惠|口味多样|干净卫生|地点上方便|时间上便捷,几乎不,几乎不,几乎每天,几乎每天,10-20元|20-30元,生鲜超市|电商平台|堂食门店|熟食店,会，大品牌放心可靠。,正大|自嗨锅|西贝|京东生鲜|海底捞,价格问题|菜品种类问题|食品安全问题|购买配送问题,希望重视卫生
男,26-35岁,了解,堂食|外卖|预制菜|方便面类食物,口味多样|地点上方便|时间上便捷,约一个礼拜一次,约一个礼拜一次,约一个礼拜一次,约一个月一次,20-30元|30-40元,生鲜超市|电商平台,会，大品牌放心可靠。,正大|自嗨锅|海底捞,价格问题|菜品种类问题|食品安全问题|购买配送问题,保证食品的安全卫生
女,18岁以下,不了解,外卖|买菜做饭,价格实惠|地点上方便,约一个礼拜一次,约一个礼拜一次,几乎每天,约一个礼拜一次,20-30元|40元及以上,生鲜超市|堂食门店,不会，更注重口味。,海底捞,菜品种类问题|购买配送问题,等你等你等你
女,26-35岁,了解,堂食|打包自提|预制菜|买菜做饭|方便面类食物,口味多样|干净卫生|地点上方便|时间上便捷,约一个礼拜一次,约一个礼拜一次,几乎每天,几乎每天,30-40元,生鲜超市|电商平台,会，大品牌放心可靠。,正大|自嗨锅|海底捞,菜品种类问题|食品安全问题|购买配送问题,口味多样性
女,18-25岁,了解,堂食|外卖|打包自提|预制菜,口味多样,约一个礼拜一次,几乎每天,约一个礼拜一次,约一个礼拜一次,10-20元,生鲜超市,会，大品牌放心可靠。,正大,菜品种类问题|食品安全问题,无
男,36-45岁,不了解,堂食|打包自提,口味多样|干净卫生,约一个礼拜一次,约一个礼拜一次,约一个月一次,几乎每天,10-20元|20-30元,电商平台|堂食门店,不会，更注重口味。,正大|自嗨锅,菜品种类问题,无
男,26-35岁,不了解,堂食,价格实惠|口味多样,约一个礼拜一次,约一个礼拜一次,约一个礼拜一次,约一个礼拜一次,20-30元,电商平台,不会，更注重口味。,正大|自嗨锅,菜品种类问题,无
女,18-25岁,不了解,打包自提,口味多样,约一个礼拜一次,约一个月一次,约一个礼拜一次,约一个礼拜一次,20-30元,堂食门店,会，大品牌放心可靠。,正大|自嗨锅,菜品种类问题,1
男,18-25岁,不了解,买菜做饭,价格实惠|口味多样,约一个礼拜一次,约一个礼拜一次,几乎不,几乎每天,10-20元,熟食店,不会，更注重口味。,知味观|正大,食品安全问题,我
男,26-35岁,不了解,买菜做饭,干净卫生,约一个月一次,几乎不,几乎每天,约一个礼拜一次,20-30元,堂食门店,不会，更注重口味。,正大,菜品种类问题,无
男,18-25岁,了解,堂食,价格实惠|干净卫生|地点上方便,约一个礼拜一次,约一个月一次,几乎不,几乎不,10-20元,堂食门店,不会，更注重口味。,正大|自嗨锅|海底捞,价格问题|菜品种类问题|食品安全问题,无
女,26-35岁,了解,堂食|外卖|打包自提|预制菜|买菜做饭|方便面类食物,价格实惠|口味多样|干净卫生|地点上方便|时间上便捷,约一个月一次,约一个礼拜一次,几乎每天,约一个礼拜一次,10-20元|20-30元|30-40元|40元及以上,生鲜超市|电商平台|堂食门店|熟食店,会，大品牌放心可靠。,知味观|正大|自嗨锅|西贝|京东生鲜|海底捞,价格问题|菜品种类问题|食品安全问题|购买配送问题,没有
女,18-25岁,不了解,堂食,口味多样,几乎每天,约一个礼拜一次,几乎每天,几乎每天,10-20元|20-30元,生鲜超市|熟食店,会，大品牌放心可靠。,正大|自嗨锅|京东生鲜|海底捞,价格问题|食品安全问题,无
女,18-25岁,了解,堂食|外卖|打包自提,价格实惠|口味多样|干净卫生|地点上方便|时间上便捷,几乎每天,约一个礼拜一次,几乎不,几乎每天,20-30元|30-40元,生鲜超市|堂食门店|熟食店,不会，更注重口味。,自嗨锅,价格问题|菜品种类问题|食品安全问题|购买配送问题,没有
男,18-25岁,了解,堂食|外卖|预制菜,价格实惠|地点上方便|时间上便捷,约一个礼拜一次,约一个礼拜一次,约一个礼拜一次,几乎每天,20-30元,生鲜超市|熟食店,会，大品牌放心可靠。,正大|自嗨锅|京东生鲜|海底捞,价格问题|菜品种类问题|食品安全问题|购买配送问题,卫生安全
男,26-35岁,不了解,打包自提,口味多样|地点上方便,约一个月一次,约一个月一次,约一个月一次,约一个礼拜一次,20-30元,电商平台,会，大品牌放心可靠。,自嗨锅|京东生鲜,菜品种类问题,没有
女,26-35岁,了解,预制菜|买菜做饭,口味多样|干净卫生|时间上便捷,约一个礼拜一次,约一个月一次,约一个礼拜一次,约一个礼拜一次,20-30元,生鲜超市|电商平台,会，大品牌放心可靠。,正大|京东生鲜|海底捞,菜品种类问题|食品安全问题|购买配送问题,价格合理，卫生合格
女,26-35岁,不了解,外卖,干净卫生,几乎不,几乎不,几乎不,几乎不,20-30元,生鲜超市,不会，更注重口味。,知味观,购买配送问题,11111111
女,18岁以下,不了解,堂食,口味多样,约一个礼拜一次,约一个礼拜一次,约一个月一次,约一个月一次,10-20元,电商平台,不会，更注重口味。,西贝,食品安全问题,1
女,18-25岁,不了解,堂食|打包自提,价格实惠|干净卫生,约一个礼拜一次,约一个月一次,约一个礼拜一次,约一个礼拜一次,20-30元,电商平台,不会，更注重口味。,西贝,价格问题,RTYU1
男,26-35岁,了解,预制菜|买菜做饭,干净卫生,约一个礼拜一次,约一个礼拜一次,几乎每天,几乎每天,20-30元|30-40元,生鲜超市|熟食店,会，大品牌放心可靠。,正大|自嗨锅|海底捞,食品安全问题,没有
女,26-35岁,了解,外卖|打包自提|预制菜|买菜做饭,价格实惠|口味多样|干净卫生|时间上便捷,约一个礼拜一次,约一个礼拜一次,几乎每天,约一个礼拜一次,20-30元,生鲜超市|堂食门店|熟食店,会，大品牌放心可靠。,正大|自嗨锅|京东生鲜|海底捞,价格问题|菜品种类问题|食品安全问题,食品安全及卫生
男,45岁以上,不了解,堂食|买菜做饭,价格实惠|干净卫生,约一个礼拜一次,约一个礼拜一次,几乎每天,约一个月一次,20-30元,生鲜超市|堂食门店|熟食店,会，大品牌放心可靠。,正大|自嗨锅|海底捞,菜品种类问题|食品安全问题,卫生、安全最重要。不能是地坑酸菜那种。
男,18-25岁,了解,堂食|外卖|预制菜|买菜做饭,价格实惠|口味多样|干净卫生|时间上便捷,约一个礼拜一次,几乎每天,几乎每天,几乎每天,20-30元,生鲜超市|电商平台|熟食店,会，大品牌放心可靠。,正大|自嗨锅|京东生鲜|海底捞,价格问题|菜品种类问题|食品安全问题|购买配送问题,无
男,26-35岁,不了解,打包自提|预制菜|买菜做饭,口味多样|干净卫生|地点上方便,约一个礼拜一次,约一个礼拜一次,约一个礼拜一次,约一个礼拜一次,20-30元,电商平台|堂食门店|熟食店,会，大品牌放心可靠。,正大|自嗨锅|京东生鲜,菜品种类问题|食品安全问题,质量提升上来
女,18岁以下,不了解,堂食|打包自提|买菜做饭|方便面类食物,干净卫生,约一个礼拜一次,约一个礼拜一次,约一个礼拜一次,约一个礼拜一次,10-20元,生鲜超市|电商平台|堂食门店|熟食店,会，大品牌放心可靠。,正大|自嗨锅|西贝,价格问题,没有
女,26-35岁,不了解,打包自提,口味多样,约一个礼拜一次,约一个月一次,几乎每天,约一个礼拜一次,30-40元,熟食店,会，大品牌放心可靠。,正大|自嗨锅,食品安全问题,无
女,26-35岁,了解,堂食|外卖|打包自提,口味多样|干净卫生|地点上方便,约一个礼拜一次,约一个月一次,约一个礼拜一次,几乎每天,20-30元|30-40元,生鲜超市|电商平台,会，大品牌放心可靠。,知味观|正大|自嗨锅|西贝,菜品种类问题|食品安全问题,无
女,26-35岁,了解,堂食|预制菜|方便面类食物,价格实惠|干净卫生|地点上方便|时间上便捷,约一个礼拜一次,约一个礼拜一次,约一个礼拜一次,约一个礼拜一次,10-20元|20-30元,生鲜超市|电商平台|堂食门店,会，大品牌放心可靠。,知味观|正大|自嗨锅|海底捞,价格问题|菜品种类问题|食品安全问题,加大宣传提高质量
男,36-45岁,不了解,外卖|买菜做饭|方便面类食物,价格实惠|口味多样|干净卫生|时间上便捷,几乎不,几乎不,几乎不,几乎不,20-30元,生鲜超市|电商平台,不会，更注重口味。,正大|自嗨锅|西贝|海底捞,价格问题|菜品种类问题|食品安全问题,没有
女,18-25岁,了解,堂食|外卖|打包自提|预制菜|买菜做饭|方便面类食物,价格实惠|口味多样|干净卫生|地点上方便|时间上便捷,约一个月一次,约一个月一次,约一个月一次,约一个礼拜一次,10-20元|20-30元,生鲜超市|电商平台|堂食门店|熟食店,会，大品牌放心可靠。,知味观|正大|自嗨锅|西贝|京东生鲜|海底捞,价格问题|菜品种类问题|食品安全问题|购买配送问题,mei
男,26-35岁,不了解,堂食|买菜做饭,价格实惠|干净卫生,几乎不,几乎不,几乎不,约一个月一次,20-30元,生鲜超市|电商平台,会，大品牌放心可靠。,正大|自嗨锅|西贝,价格问题|食品安全问题|购买配送问题,无
女,36-45岁,了解,预制菜|买菜做饭,价格实惠|口味多样|干净卫生|地点上方便|时间上便捷,约一个礼拜一次,约一个礼拜一次,约一个礼拜一次,约一个礼拜一次,10-20元,生鲜超市|电商平台,会，大品牌放心可靠。,正大|海底捞,价格问题|菜品种类问题|食品安全问题|购买配送问题,支持
女,36-45岁,了解,外卖|预制菜,口味多样|地点上方便,约一个礼拜一次,约一个礼拜一次,几乎每天,几乎每天,20-30元|30-40元,生鲜超市|电商平台,会，大品牌放心可靠。,知味观|西贝,菜品种类问题|食品安全问题,无
男,18岁以下,了解,堂食|外卖|打包自提|预制菜,口味多样|干净卫生,几乎每天,几乎每天,几乎每天,几乎每天,10-20元,生鲜超市|电商平台|堂食门店,会，大品牌放心可靠。,正大|自嗨锅|西贝,价格问题|菜品种类问题,保证食品质量
女,18-25岁,不了解,打包自提,干净卫生,约一个礼拜一次,约一个礼拜一次,约一个礼拜一次,约一个月一次,10-20元,堂食门店,会，大品牌放心可靠。,知味观,食品安全问题,无
女,26-35岁,了解,外卖|打包自提|买菜做饭,价格实惠|口味多样|干净卫生|地点上方便|时间上便捷,约一个礼拜一次,约一个礼拜一次,约一个礼拜一次,约一个礼拜一次,10-20元,生鲜超市|堂食门店|熟食店,会，大品牌放心可靠。,正大|京东生鲜|海底捞,价格问题|菜品种类问题|食品安全问题|购买配送问题,没印象
女,26-35岁,不了解,外卖|打包自提,干净卫生|地点上方便,几乎不,约一个月一次,约一个月一次,约一个月一次,20-30元|30-40元,电商平台,不会，更注重口味。,自嗨锅|西贝,菜品种类问题|食品安全问题,无
男,26-35岁,了解,外卖,干净卫生,约一个月一次,约一个礼拜一次,约一个月一次,约一个礼拜一次,20-30元,堂食门店,会，大品牌放心可靠。,自嗨锅,菜品种类问题,创意
女,18-25岁,不了解,堂食|打包自提,干净卫生|地点上方便|时间上便捷,约一个礼拜一次,约一个礼拜一次,约一个礼拜一次,几乎不,30-40元,生鲜超市|熟食店,不会，更注重口味。,正大|海底捞,价格问题|食品安全问题,建议需要干净卫生
女,26-35岁,了解,外卖,价格实惠|干净卫生,几乎每天,几乎每天,几乎每天,几乎每天,30-40元,电商平台,会，大品牌放心可靠。,正大|京东生鲜,价格问题|食品安全问题,无
女,18-25岁,不了解,堂食|外卖|打包自提,价格实惠|口味多样,约一个礼拜一次,几乎不,几乎每天,约一个月一次,20-30元,生鲜超市|电商平台,会，大品牌放心可靠。,正大|海底捞,价格问题|食品安全问题,加强安全控制
女,18-25岁,不了解,买菜做饭,价格实惠|口味多样|干净卫生,约一个礼拜一次,约一个月一次,约一个礼拜一次,几乎每天,20-30元,生鲜超市|电商平台,会，大品牌放心可靠。,自嗨锅|京东生鲜,菜品种类问题|食品安全问题|购买配送问题,品种多点  食材更好点
男,18-25岁,不了解,堂食,干净卫生,几乎不,几乎不,几乎不,几乎不,20-30元,电商平台,不会，更注重口味。,正大,食品安全问题,是
男,26-35岁,了解,堂食,价格实惠,约一个月一次,几乎每天,约一个月一次,约一个礼拜一次,40元及以上,电商平台,不会，更注重口味。,正大,价格问题,3
男,26-35岁,了解,打包自提,地点上方便,约一个月一次,约一个礼拜一次,约一个礼拜一次,约一个礼拜一次,20-30元,电商平台,不会，更注重口味。,知味观,菜品种类问题,无
男,18-25岁,不了解,堂食|外卖,价格实惠|口味多样,约一个月一次,几乎每天,几乎不,约一个月一次,30-40元,堂食门店|熟食店,不会，更注重口味。,正大|自嗨锅|西贝,菜品种类问题,555555
女,18-25岁,了解,预制菜|方便面类食物,口味多样|干净卫生|时间上便捷,几乎每天,几乎每天,几乎不,几乎每天,20-30元,生鲜超市|电商平台,会，大品牌放心可靠。,正大|自嗨锅|海底捞,菜品种类问题|食品安全问题,继续发展
男,18岁以下,了解,堂食,价格实惠,几乎每天,几乎每天,几乎每天,几乎每天,10-20元,生鲜超市,会，大品牌放心可靠。,知味观,价格问题,无
女,26-35岁,不了解,堂食,口味多样,约一个月一次,约一个月一次,约一个月一次,几乎不,20-30元,电商平台,不会，更注重口味。,知味观,价格问题,0
男,26-35岁,不了解,外卖|买菜做饭,干净卫生|时间上便捷,约一个礼拜一次,约一个礼拜一次,几乎每天,几乎每天,20-30元|30-40元,生鲜超市|电商平台|熟食店,会，大品牌放心可靠。,其他:还没买过,价格问题|菜品种类问题|食品安全问题|购买配送问题,无
女,18-25岁,了解,打包自提,口味多样,约一个礼拜一次,约一个礼拜一次,约一个礼拜一次,约一个月一次,20-30元,电商平台,会，大品牌放心可靠。,自嗨锅,食品安全问题,无
女,18-25岁,了解,堂食|预制菜|买菜做饭,口味多样|干净卫生|地点上方便,约一个礼拜一次,约一个礼拜一次,约一个礼拜一次,约一个礼拜一次,20-30元|30-40元,电商平台|堂食门店|熟食店,会，大品牌放心可靠。,知味观|自嗨锅|西贝|京东生鲜,价格问题,食品安全要加强监控
女,18-25岁,了解,外卖|预制菜,口味多样|干净卫生,约一个礼拜一次,约一个礼拜一次,几乎每天,约一个礼拜一次,10-20元|20-30元,生鲜超市|堂食门店,会，大品牌放心可靠。,自嗨锅|京东生鲜|海底捞,菜品种类问题,提升食品安全，增加食品种类。
女,18-25岁,了解,外卖|打包自提|预制菜|买菜做饭,价格实惠|口味多样|地点上方便,约一个月一次,约一个礼拜一次,约一个礼拜一次,约一个礼拜一次,20-30元,生鲜超市|堂食门店,会，大品牌放心可靠。,正大|京东生鲜|海底捞,菜品种类问题|食品安全问题|购买配送问题,健康，美味
男,18-25岁,不了解,买菜做饭,干净卫生,几乎不,几乎不,几乎每天,几乎每天,20-30元,生鲜超市,不会，更注重口味。,自嗨锅,菜品种类问题|食品安全问题,"提高
新鲜度"
女,26-35岁,不了解,堂食,价格实惠|口味多样,约一个月一次,几乎每天,几乎每天,约一个礼拜一次,10-20元,堂食门店,不会，更注重口味。,知味观|正大,价格问题,撒气所多
女,26-35岁,不了解,外卖,地点上方便,几乎不,约一个月一次,几乎每天,几乎不,20-30元,熟食店,不会，更注重口味。,正大,菜品种类问题,独特
女,18-25岁,不了解,堂食,价格实惠|口味多样,约一个月一次,约一个月一次,约一个月一次,约一个礼拜一次,20-30元,电商平台,会，大品牌放心可靠。,正大|自嗨锅,菜品种类问题|食品安全问题|购买配送问题,无
女,26-35岁,不了解,堂食|外卖|预制菜,价格实惠|口味多样|干净卫生,约一个礼拜一次,约一个月一次,约一个月一次,约一个月一次,40元及以上,电商平台,不会，更注重口味。,正大|京东生鲜,菜品种类问题,没有
女,18-25岁,了解,外卖|预制菜|买菜做饭,口味多样|干净卫生|地点上方便,约一个礼拜一次,约一个礼拜一次,约一个月一次,约一个礼拜一次,20-30元,电商平台,会，大品牌放心可靠。,正大|自嗨锅,菜品种类问题,无
女,45岁以上,不了解,打包自提|预制菜|买菜做饭,口味多样|干净卫生|地点上方便|时间上便捷,约一个礼拜一次,约一个礼拜一次,约一个礼拜一次,几乎每天,20-30元,生鲜超市|堂食门店|熟食店,会，大品牌放心可靠。,正大|自嗨锅|京东生鲜,价格问题|菜品种类问题|食品安全问题,无
女,18-25岁,不了解,堂食|打包自提,价格实惠|口味多样|干净卫生|地点上方便,几乎每天,几乎每天,几乎每天,约一个礼拜一次,10-20元|20-30元,生鲜超市|电商平台|堂食门店|熟食店,不会，更注重口味。,知味观|自嗨锅|西贝|京东生鲜,菜品种类问题|食品安全问题|购买配送问题,无
女,26-35岁,不了解,堂食,口味多样|干净卫生,几乎不,几乎不,几乎不,几乎不,30-40元,生鲜超市|电商平台,不会，更注重口味。,正大|自嗨锅,菜品种类问题|食品安全问题,111
男,26-35岁,不了解,预制菜,干净卫生,约一个月一次,约一个月一次,约一个月一次,约一个月一次,20-30元,熟食店,不会，更注重口味。,正大,购买配送问题,无
男,18-25岁,了解,堂食|外卖|打包自提|预制菜|买菜做饭,价格实惠|干净卫生|地点上方便|时间上便捷,约一个礼拜一次,约一个月一次,约一个礼拜一次,约一个礼拜一次,10-20元|20-30元,电商平台|堂食门店,会，大品牌放心可靠。,正大|西贝|海底捞,菜品种类问题|食品安全问题|购买配送问题,卫生一点
男,18岁以下,不了解,外卖,口味多样,约一个月一次,约一个礼拜一次,约一个礼拜一次,约一个月一次,30-40元,电商平台,会，大品牌放心可靠。,正大,购买配送问题,弄电脑的吗都没得
男,26-35岁,了解,堂食|外卖|打包自提|预制菜|买菜做饭|方便面类食物,价格实惠|口味多样|干净卫生|地点上方便|时间上便捷,几乎每天,约一个礼拜一次,几乎每天,几乎每天,20-30元|30-40元,电商平台|堂食门店|熟食店,会，大品牌放心可靠。,知味观|正大|自嗨锅|西贝|京东生鲜|海底捞,菜品种类问题|食品安全问题,无
男,18-25岁,了解,外卖|打包自提,口味多样|地点上方便,几乎每天,约一个礼拜一次,约一个礼拜一次,约一个月一次,30-40元,堂食门店,不会，更注重口味。,西贝|京东生鲜,菜品种类问题,无
女,26-35岁,不了解,堂食|外卖|打包自提,价格实惠|口味多样|干净卫生,约一个礼拜一次,约一个礼拜一次,几乎每天,约一个礼拜一次,20-30元,生鲜超市|堂食门店,会，大品牌放心可靠。,正大|自嗨锅,价格问题|菜品种类问题,降低价格
女,26-35岁,不了解,买菜做饭|方便面类食物,价格实惠|口味多样|干净卫生,约一个礼拜一次,约一个礼拜一次,几乎每天,约一个礼拜一次,10-20元,生鲜超市|电商平台,不会，更注重口味。,知味观|海底捞,价格问题|菜品种类问题|食品安全问题,无
女,26-35岁,了解,外卖|打包自提|预制菜|买菜做饭|方便面类食物,价格实惠|口味多样|干净卫生|地点上方便|时间上便捷,几乎每天,约一个礼拜一次,几乎每天,约一个礼拜一次,10-20元|20-30元,生鲜超市|电商平台|堂食门店|熟食店,会，大品牌放心可靠。,正大|自嗨锅|西贝|京东生鲜|海底捞,价格问题|菜品种类问题|食品安全问题|购买配送问题,干净卫生
男,26-35岁,不了解,堂食|打包自提,价格实惠|干净卫生|地点上方便,约一个礼拜一次,约一个礼拜一次,约一个月一次,约一个礼拜一次,10-20元|20-30元,生鲜超市|堂食门店|熟食店,不会，更注重口味。,知味观|自嗨锅|西贝,价格问题|食品安全问题,无
女,26-35岁,了解,买菜做饭|方便面类食物,时间上便捷,约一个月一次,约一个月一次,约一个月一次,约一个月一次,10-20元|20-30元,生鲜超市|堂食门店|熟食店,会，大品牌放心可靠。,自嗨锅|海底捞,菜品种类问题|食品安全问题|购买配送问题,暂无
男,18-25岁,了解,堂食|预制菜,口味多样|地点上方便,几乎每天,几乎每天,几乎每天,几乎每天,10-20元|20-30元,生鲜超市|堂食门店,会，大品牌放心可靠。,知味观|西贝|海底捞,价格问题|食品安全问题,述一下您经常采用什么样的方式来记录生活，采用这种方式的原因是什么？记录生活都给您带来了什么？*.
女,18-25岁,了解,外卖|打包自提|预制菜,口味多样|干净卫生|地点上方便,约一个礼拜一次,约一个礼拜一次,约一个礼拜一次,约一个礼拜一次,20-30元,生鲜超市|堂食门店|熟食店,会，大品牌放心可靠。,正大|自嗨锅|海底捞,价格问题|菜品种类问题|食品安全问题,无
女,18-25岁,不了解,堂食|外卖|打包自提|买菜做饭,价格实惠|时间上便捷,约一个礼拜一次,约一个月一次,约一个月一次,几乎不,10-20元|20-30元,堂食门店|熟食店,会，大品牌放心可靠。,自嗨锅,食品安全问题|购买配送问题,无
女,26-35岁,了解,外卖,地点上方便,约一个礼拜一次,几乎每天,约一个礼拜一次,约一个月一次,30-40元,电商平台,会，大品牌放心可靠。,自嗨锅,购买配送问题,无
男,18-25岁,了解,外卖,干净卫生,约一个礼拜一次,约一个礼拜一次,约一个月一次,约一个礼拜一次,30-40元,堂食门店,会，大品牌放心可靠。,自嗨锅,价格问题|菜品种类问题,无
男,45岁以上,了解,堂食|买菜做饭,价格实惠|干净卫生|地点上方便|时间上便捷,约一个月一次,约一个礼拜一次,约一个礼拜一次,约一个月一次,10-20元,生鲜超市|电商平台,会，大品牌放心可靠。,正大|自嗨锅|海底捞,价格问题|食品安全问题,营养
女,18-25岁,了解,堂食|买菜做饭,价格实惠|口味多样|干净卫生|地点上方便|时间上便捷,几乎不,几乎不,几乎不,约一个月一次,20-30元,生鲜超市,不会，更注重口味。,正大|自嗨锅,价格问题|食品安全问题|购买配送问题,提高卫生安全
女,36-45岁,了解,预制菜|买菜做饭,价格实惠|口味多样|时间上便捷,几乎每天,约一个礼拜一次,几乎不,几乎每天,20-30元,堂食门店,会，大品牌放心可靠。,知味观|正大|自嗨锅|京东生鲜,菜品种类问题|食品安全问题,食品卫生安全，创新
女,26-35岁,了解,堂食|外卖,价格实惠|口味多样,约一个礼拜一次,约一个礼拜一次,约一个礼拜一次,约一个礼拜一次,10-20元,电商平台,会，大品牌放心可靠。,正大|自嗨锅|京东生鲜,菜品种类问题|食品安全问题,无
男,26-35岁,不了解,堂食,地点上方便,几乎不,几乎不,几乎不,几乎不,10-20元,生鲜超市,不会，更注重口味。,正大|自嗨锅|海底捞,价格问题|菜品种类问题,无
女,26-35岁,了解,堂食|预制菜,价格实惠|干净卫生,约一个礼拜一次,约一个礼拜一次,约一个礼拜一次,约一个礼拜一次,20-30元,生鲜超市|堂食门店,会，大品牌放心可靠。,知味观|正大,价格问题|菜品种类问题|食品安全问题,保证质量，着眼未来
男,18-25岁,不了解,堂食|外卖,口味多样|地点上方便,几乎每天,几乎每天,几乎每天,几乎每天,10-20元,生鲜超市|堂食门店,不会，更注重口味。,正大|自嗨锅,价格问题|菜品种类问题,无
男,26-35岁,不了解,堂食|打包自提|预制菜,价格实惠|干净卫生|地点上方便,几乎不,几乎不,约一个月一次,约一个月一次,10-20元|20-30元|30-40元,生鲜超市|电商平台,不会，更注重口味。,知味观|自嗨锅|海底捞,价格问题|食品安全问题|购买配送问题,无
男,36-45岁,不了解,外卖|预制菜|买菜做饭,干净卫生|地点上方便,约一个礼拜一次,约一个礼拜一次,约一个月一次,约一个礼拜一次,20-30元|30-40元,电商平台|堂食门店,会，大品牌放心可靠。,正大|西贝|京东生鲜,菜品种类问题|食品安全问题,无
女,26-35岁,不了解,外卖|打包自提,干净卫生|地点上方便,约一个礼拜一次,约一个月一次,几乎每天,约一个月一次,30-40元,电商平台|堂食门店,不会，更注重口味。,正大|自嗨锅,价格问题|菜品种类问题,方GRE
女,26-35岁,不了解,预制菜,价格实惠|口味多样,约一个礼拜一次,约一个礼拜一次,约一个礼拜一次,约一个礼拜一次,20-30元,生鲜超市|堂食门店|熟食店,不会，更注重口味。,正大|自嗨锅|海底捞,价格问题|菜品种类问题|食品安全问题|购买配送问题,提高产品品质
男,18-25岁,不了解,堂食|外卖,价格实惠|口味多样|干净卫生,约一个礼拜一次,约一个月一次,约一个月一次,约一个礼拜一次,10-20元,生鲜超市|电商平台|堂食门店|熟食店,会，大品牌放心可靠。,知味观|正大|自嗨锅|海底捞,价格问题|菜品种类问题|食品安全问题|购买配送问题,加强食品安全监管
女,36-45岁,了解,预制菜|买菜做饭,价格实惠|干净卫生,约一个礼拜一次,约一个礼拜一次,几乎每天,约一个礼拜一次,20-30元|30-40元,生鲜超市|熟食店,会，大品牌放心可靠。,正大|自嗨锅,价格问题|菜品种类问题|食品安全问题,无
女,18-25岁,了解,外卖|预制菜|买菜做饭,价格实惠|口味多样|干净卫生|地点上方便,约一个礼拜一次,约一个月一次,约一个礼拜一次,约一个礼拜一次,30-40元,电商平台,会，大品牌放心可靠。,正大|西贝,食品安全问题,无
男,18-25岁,不了解,堂食|预制菜,价格实惠|干净卫生|地点上方便,约一个月一次,约一个礼拜一次,约一个礼拜一次,约一个月一次,20-30元,生鲜超市|堂食门店,不会，更注重口味。,正大|自嗨锅|西贝,食品安全问题,是
女,45岁以上,不了解,堂食|预制菜|买菜做饭|方便面类食物,价格实惠|口味多样|地点上方便,约一个月一次,约一个月一次,约一个礼拜一次,几乎每天,20-30元|30-40元,生鲜超市|电商平台|堂食门店,会，大品牌放心可靠。,知味观|正大|京东生鲜|海底捞,价格问题|菜品种类问题|购买配送问题,无
女,26-35岁,不了解,外卖,口味多样,约一个礼拜一次,约一个礼拜一次,几乎每天,几乎不,20-30元,电商平台,不会，更注重口味。,自嗨锅,价格问题,无
女,45岁以上,了解,打包自提,价格实惠|口味多样,几乎不,几乎不,约一个礼拜一次,约一个礼拜一次,10-20元,生鲜超市,会，大品牌放心可靠。,正大|自嗨锅,价格问题|菜品种类问题|食品安全问题|购买配送问题,无
男,36-45岁,不了解,买菜做饭,干净卫生,几乎不,几乎不,几乎不,几乎不,10-20元|20-30元,生鲜超市,会，大品牌放心可靠。,海底捞,价格问题|菜品种类问题|食品安全问题|购买配送问题,m y
女,26-35岁,不了解,外卖|买菜做饭|方便面类食物,干净卫生|地点上方便,约一个月一次,约一个月一次,约一个月一次,约一个月一次,20-30元|30-40元,电商平台|堂食门店,会，大品牌放心可靠。,知味观|自嗨锅|西贝,菜品种类问题|食品安全问题|购买配送问题,把控质量
女,18-25岁,了解,预制菜|买菜做饭,口味多样|干净卫生,约一个礼拜一次,约一个礼拜一次,几乎每天,几乎每天,30-40元,生鲜超市|电商平台,会，大品牌放心可靠。,正大|西贝,价格问题|菜品种类问题,很好
女,18-25岁,了解,外卖|打包自提|预制菜,口味多样|干净卫生|地点上方便,约一个礼拜一次,约一个月一次,约一个礼拜一次,约一个礼拜一次,20-30元,生鲜超市|电商平台|堂食门店,会，大品牌放心可靠。,知味观|正大|自嗨锅|西贝,价格问题|菜品种类问题|食品安全问题,好吃些
男,18-25岁,不了解,外卖|预制菜,口味多样|地点上方便,约一个礼拜一次,约一个礼拜一次,约一个礼拜一次,约一个礼拜一次,20-30元,生鲜超市|电商平台,会，大品牌放心可靠。,西贝|京东生鲜,菜品种类问题|食品安全问题,无
女,26-35岁,不了解,外卖|打包自提|预制菜,价格实惠|口味多样|地点上方便,约一个月一次,约一个月一次,约一个月一次,约一个月一次,20-30元,电商平台|堂食门店,会，大品牌放心可靠。,正大,菜品种类问题|食品安全问题,无
女,26-35岁,了解,堂食|打包自提|预制菜,口味多样|地点上方便,约一个礼拜一次,约一个礼拜一次,约一个月一次,约一个礼拜一次,20-30元,生鲜超市|熟食店,会，大品牌放心可靠。,正大|自嗨锅|西贝,食品安全问题,做好质量把控
女,36-45岁,了解,堂食|打包自提|预制菜|买菜做饭|方便面类食物,价格实惠|口味多样|干净卫生|时间上便捷,约一个礼拜一次,几乎每天,约一个礼拜一次,几乎每天,20-30元,生鲜超市|堂食门店|熟食店,会，大品牌放心可靠。,正大|自嗨锅|京东生鲜|海底捞,价格问题|菜品种类问题|食品安全问题|购买配送问题,很满意
女,26-35岁,了解,外卖|预制菜|买菜做饭|方便面类食物,价格实惠|干净卫生|时间上便捷,几乎每天,约一个礼拜一次,几乎每天,约一个礼拜一次,20-30元,生鲜超市|电商平台,会，大品牌放心可靠。,正大|自嗨锅|西贝|京东生鲜|海底捞,价格问题|食品安全问题,希望菜比较新鲜干净就好
女,26-35岁,了解,外卖|预制菜,口味多样|地点上方便,约一个月一次,约一个礼拜一次,约一个礼拜一次,约一个月一次,20-30元,电商平台,不会，更注重口味。,正大|西贝,菜品种类问题|食品安全问题,无
女,36-45岁,了解,堂食|外卖|预制菜|买菜做饭,价格实惠|地点上方便|时间上便捷,约一个月一次,约一个月一次,几乎每天,约一个礼拜一次,20-30元,生鲜超市|电商平台,会，大品牌放心可靠。,知味观|西贝|海底捞,食品安全问题,无
男,18-25岁,不了解,买菜做饭,口味多样,约一个礼拜一次,约一个礼拜一次,约一个礼拜一次,约一个礼拜一次,20-30元,电商平台|堂食门店,会，大品牌放心可靠。,西贝,食品安全问题,卫生些
女,26-35岁,了解,打包自提|预制菜|买菜做饭,价格实惠|口味多样|干净卫生,几乎每天,约一个礼拜一次,约一个礼拜一次,约一个礼拜一次,20-30元|30-40元,生鲜超市|电商平台|熟食店,会，大品牌放心可靠。,正大|自嗨锅|海底捞,价格问题|菜品种类问题|食品安全问题|购买配送问题,提高质量开发新品种加大宣传
女,26-35岁,不了解,堂食,价格实惠,约一个礼拜一次,几乎每天,几乎每天,约一个月一次,10-20元,生鲜超市,不会，更注重口味。,知味观,价格问题,没有
男,18-25岁,不了解,打包自提|预制菜,干净卫生|地点上方便|时间上便捷,几乎不,约一个月一次,约一个月一次,几乎每天,10-20元,电商平台,会，大品牌放心可靠。,正大|自嗨锅|西贝,菜品种类问题|食品安全问题,我在爱调研做了3份问卷，拿到20元现金报酬。随时都有新问卷，积分一键兑现金！https://www.idiaoyan.com/NewPersonCenter?inviter=620fb87d1b24255a87eaf49d
女,26-35岁,了解,堂食|预制菜,干净卫生,约一个礼拜一次,约一个礼拜一次,约一个礼拜一次,约一个礼拜一次,30-40元,生鲜超市,会，大品牌放心可靠。,自嗨锅|西贝,食品安全问题,我没有什么好建议
女,18-25岁,不了解,堂食|外卖,口味多样|干净卫生,约一个礼拜一次,约一个礼拜一次,约一个礼拜一次,约一个礼拜一次,10-20元|20-30元,电商平台|熟食店,不会，更注重口味。,自嗨锅|海底捞,价格问题|食品安全问题|购买配送问题,无
男,18-25岁,了解,堂食|外卖|打包自提,价格实惠|口味多样|干净卫生|地点上方便|时间上便捷,约一个礼拜一次,约一个礼拜一次,约一个礼拜一次,约一个礼拜一次,30-40元,生鲜超市|电商平台|堂食门店|熟食店,会，大品牌放心可靠。,知味观|正大|自嗨锅|西贝|京东生鲜|海底捞,价格问题|菜品种类问题|食品安全问题|购买配送问题,食品安全
女,26-35岁,不了解,堂食|外卖|打包自提,价格实惠|口味多样|地点上方便,约一个礼拜一次,约一个月一次,几乎每天,几乎每天,20-30元,电商平台,会，大品牌放心可靠。,正大|自嗨锅|京东生鲜,价格问题|菜品种类问题|食品安全问题,无
男,26-35岁,不了解,外卖|预制菜,口味多样|干净卫生|地点上方便,约一个月一次,几乎每天,约一个礼拜一次,几乎每天,10-20元|20-30元,生鲜超市|熟食店,不会，更注重口味。,知味观|西贝,价格问题|菜品种类问题,哦哦
女,18-25岁,了解,外卖|打包自提|预制菜,口味多样|干净卫生,约一个月一次,约一个礼拜一次,约一个礼拜一次,约一个礼拜一次,20-30元,电商平台|堂食门店|熟食店,会，大品牌放心可靠。,知味观|正大|自嗨锅|西贝,菜品种类问题|食品安全问题,暂无
男,26-35岁,了解,预制菜|买菜做饭,价格实惠|口味多样|干净卫生|时间上便捷,约一个礼拜一次,约一个礼拜一次,几乎每天,几乎不,10-20元|20-30元|30-40元,生鲜超市|电商平台|熟食店,会，大品牌放心可靠。,知味观|正大|自嗨锅|京东生鲜|海底捞,价格问题|菜品种类问题|食品安全问题,无
女,26-35岁,不了解,打包自提,干净卫生,约一个月一次,约一个月一次,几乎不,约一个月一次,30-40元,电商平台,会，大品牌放心可靠。,自嗨锅,价格问题,没有
女,36-45岁,不了解,外卖|打包自提|买菜做饭,口味多样|干净卫生,约一个礼拜一次,约一个月一次,约一个礼拜一次,约一个礼拜一次,30-40元,生鲜超市|电商平台|堂食门店,会，大品牌放心可靠。,自嗨锅|西贝,菜品种类问题|食品安全问题,无
女,26-35岁,不了解,买菜做饭,价格实惠|口味多样|干净卫生,几乎不,几乎不,几乎不,几乎不,10-20元,生鲜超市|堂食门店,会，大品牌放心可靠。,自嗨锅|京东生鲜|海底捞,价格问题|菜品种类问题|食品安全问题,无
女,36-45岁,不了解,打包自提|预制菜|买菜做饭,价格实惠|干净卫生,约一个礼拜一次,约一个礼拜一次,约一个礼拜一次,约一个礼拜一次,20-30元|30-40元,生鲜超市|电商平台|熟食店,会，大品牌放心可靠。,知味观|正大|自嗨锅|海底捞,价格问题|菜品种类问题|食品安全问题|购买配送问题,"购买配送问题,菜品种类问题,食品安全问题"
男,18-25岁,了解,堂食|外卖|买菜做饭|方便面类食物,价格实惠|口味多样|干净卫生,约一个礼拜一次,约一个礼拜一次,约一个礼拜一次,约一个礼拜一次,20-30元,生鲜超市|电商平台,会，大品牌放心可靠。,正大|自嗨锅,价格问题|菜品种类问题|食品安全问题|购买配送问题,暂时没有想到
男,26-35岁,了解,外卖|打包自提,价格实惠|口味多样,约一个礼拜一次,约一个礼拜一次,约一个礼拜一次,几乎每天,10-20元,电商平台,会，大品牌放心可靠。,自嗨锅|京东生鲜,价格问题|菜品种类问题|食品安全问题,没有
男,26-35岁,了解,堂食|预制菜|买菜做饭,价格实惠|口味多样|干净卫生,约一个礼拜一次,几乎不,几乎每天,几乎每天,30-40元,生鲜超市|堂食门店,会，大品牌放心可靠。,正大|京东生鲜|海底捞,菜品种类问题|食品安全问题,多增加品种
男,26-35岁,了解,堂食|打包自提|预制菜|买菜做饭,价格实惠|干净卫生|地点上方便,约一个礼拜一次,约一个礼拜一次,约一个礼拜一次,约一个礼拜一次,30-40元,生鲜超市|电商平台,会，大品牌放心可靠。,知味观|正大|京东生鲜,菜品种类问题|食品安全问题,建议亲民价格些
女,18-25岁,不了解,堂食|打包自提|预制菜|买菜做饭,价格实惠|口味多样|干净卫生|地点上方便,约一个礼拜一次,约一个礼拜一次,几乎每天,约一个礼拜一次,20-30元,生鲜超市|电商平台,不会，更注重口味。,正大|自嗨锅|京东生鲜|海底捞,价格问题|食品安全问题,没有建议和意见
女,26-35岁,了解,外卖|打包自提|预制菜|买菜做饭,价格实惠|时间上便捷,约一个礼拜一次,约一个月一次,约一个礼拜一次,约一个礼拜一次,10-20元,生鲜超市|电商平台,不会，更注重口味。,正大|自嗨锅|京东生鲜|海底捞,菜品种类问题|食品安全问题,增加预制菜的种类，保证质量，卫生安全
女,26-35岁,了解,堂食|预制菜|买菜做饭,价格实惠|口味多样|干净卫生|地点上方便|时间上便捷,约一个礼拜一次,约一个礼拜一次,几乎每天,约一个月一次,20-30元,生鲜超市|电商平台|堂食门店|熟食店,会，大品牌放心可靠。,知味观|自嗨锅|京东生鲜|海底捞,价格问题|食品安全问题|购买配送问题,无
女,26-35岁,了解,外卖|打包自提|预制菜|买菜做饭,价格实惠|口味多样|干净卫生|地点上方便,约一个礼拜一次,约一个礼拜一次,几乎每天,几乎每天,20-30元,电商平台|堂食门店|熟食店,会，大品牌放心可靠。,知味观|正大|自嗨锅|京东生鲜,价格问题|菜品种类问题|食品安全问题,其他其他其他
女,26-35岁,了解,堂食|预制菜|买菜做饭,干净卫生|时间上便捷,约一个月一次,约一个礼拜一次,几乎每天,约一个礼拜一次,20-30元|30-40元|40元及以上,生鲜超市|熟食店,会，大品牌放心可靠。,正大|海底捞,食品安全问题,希望预制菜新鲜卫生安全
女,18-25岁,了解,堂食|买菜做饭|方便面类食物,价格实惠|口味多样|地点上方便|时间上便捷,约一个礼拜一次,约一个礼拜一次,几乎每天,约一个礼拜一次,20-30元,生鲜超市|电商平台|堂食门店|熟食店,会，大品牌放心可靠。,正大|自嗨锅|西贝|京东生鲜|海底捞,价格问题|菜品种类问题|食品安全问题,无
女,26-35岁,了解,外卖|打包自提|预制菜|买菜做饭,价格实惠|干净卫生|地点上方便,约一个礼拜一次,约一个礼拜一次,约一个月一次,约一个月一次,20-30元,生鲜超市|电商平台|堂食门店,会，大品牌放心可靠。,正大|自嗨锅|海底捞,价格问题|菜品种类问题|食品安全问题,无
女,18-25岁,了解,外卖|打包自提,价格实惠|口味多样|干净卫生,约一个礼拜一次,几乎每天,约一个礼拜一次,约一个礼拜一次,10-20元,生鲜超市,会，大品牌放心可靠。,知味观|正大|自嗨锅|西贝,价格问题|菜品种类问题|食品安全问题|购买配送问题,无
女,18-25岁,了解,外卖,时间上便捷,约一个礼拜一次,约一个礼拜一次,约一个礼拜一次,约一个礼拜一次,20-30元,堂食门店,会，大品牌放心可靠。,京东生鲜,菜品种类问题|食品安全问题,没有建议
女,26-35岁,了解,外卖|买菜做饭,价格实惠|口味多样,约一个月一次,约一个礼拜一次,约一个礼拜一次,约一个礼拜一次,20-30元,生鲜超市|熟食店,会，大品牌放心可靠。,知味观|正大|京东生鲜|海底捞,价格问题|菜品种类问题|食品安全问题,无
男,18-25岁,了解,堂食|外卖|打包自提|预制菜,价格实惠|口味多样|干净卫生,约一个礼拜一次,约一个礼拜一次,约一个礼拜一次,约一个礼拜一次,10-20元|20-30元|30-40元,生鲜超市|电商平台|堂食门店,会，大品牌放心可靠。,知味观|正大|自嗨锅|西贝|京东生鲜|海底捞,价格问题|菜品种类问题|食品安全问题,没建议
女,26-35岁,了解,堂食|外卖|预制菜|买菜做饭,口味多样|干净卫生|时间上便捷,约一个礼拜一次,约一个礼拜一次,约一个礼拜一次,约一个礼拜一次,20-30元,生鲜超市|电商平台|熟食店,会，大品牌放心可靠。,知味观|正大|自嗨锅|西贝|海底捞,菜品种类问题|食品安全问题,保证食材品质。
女,26-35岁,了解,买菜做饭,时间上便捷,约一个月一次,约一个月一次,约一个月一次,约一个月一次,10-20元,生鲜超市,不会，更注重口味。,海底捞,价格问题|菜品种类问题|食品安全问题,没有
女,26-35岁,不了解,方便面类食物,干净卫生,几乎不,几乎不,几乎不,几乎不,40元及以上,电商平台,不会，更注重口味。,正大,食品安全问题,独特
女,18-25岁,不了解,外卖|打包自提,价格实惠|口味多样,约一个月一次,约一个礼拜一次,约一个礼拜一次,约一个月一次,30-40元,电商平台,不会，更注重口味。,知味观,菜品种类问题|购买配送问题,没有
男,26-35岁,了解,外卖|打包自提|预制菜|买菜做饭|方便面类食物,价格实惠|口味多样|干净卫生|时间上便捷,约一个礼拜一次,几乎每天,几乎每天,约一个礼拜一次,10-20元|20-30元|30-40元,生鲜超市|熟食店,会，大品牌放心可靠。,知味观|正大|自嗨锅|京东生鲜|海底捞,食品安全问题|购买配送问题,有冷链和追溯系统会更放心
男,18-25岁,不了解,堂食|外卖,价格实惠|口味多样,约一个礼拜一次,约一个月一次,约一个礼拜一次,约一个礼拜一次,10-20元|20-30元,生鲜超市,会，大品牌放心可靠。,知味观|正大|西贝|海底捞,菜品种类问题|食品安全问题,无
女,18-25岁,了解,堂食|预制菜,口味多样|干净卫生,约一个礼拜一次,约一个礼拜一次,约一个月一次,几乎每天,20-30元,电商平台,会，大品牌放心可靠。,正大|自嗨锅,菜品种类问题,wy
男,18-25岁,不了解,堂食|外卖,价格实惠|地点上方便|时间上便捷,几乎每天,几乎每天,几乎每天,几乎每天,10-20元,生鲜超市|堂食门店,会，大品牌放心可靠。,知味观|自嗨锅|京东生鲜,价格问题|菜品种类问题|食品安全问题|购买配送问题,一定要确保食品安全
男,26-35岁,不了解,外卖|买菜做饭,价格实惠|干净卫生|地点上方便,约一个礼拜一次,约一个礼拜一次,约一个礼拜一次,几乎每天,10-20元,生鲜超市|堂食门店,会，大品牌放心可靠。,正大|京东生鲜|海底捞,价格问题|菜品种类问题|食品安全问题,大力支持
男,18-25岁,了解,堂食|外卖|打包自提|预制菜|买菜做饭|方便面类食物,价格实惠|口味多样|干净卫生,几乎每天,约一个礼拜一次,约一个月一次,约一个月一次,30-40元,生鲜超市,会，大品牌放心可靠。,知味观|正大|自嗨锅|西贝,价格问题|菜品种类问题|食品安全问题|购买配送问题,安全和卫生需要保证
男,18岁以下,了解,堂食|外卖|打包自提,价格实惠|口味多样,约一个礼拜一次,约一个礼拜一次,约一个礼拜一次,约一个礼拜一次,20-30元,生鲜超市,会，大品牌放心可靠。,自嗨锅|京东生鲜|海底捞,菜品种类问题,无
女,26-35岁,了解,外卖|预制菜|买菜做饭|方便面类食物,口味多样|时间上便捷,几乎不,几乎不,几乎不,几乎不,30-40元,生鲜超市,不会，更注重口味。,正大|自嗨锅|西贝|京东生鲜|海底捞,菜品种类问题|食品安全问题,丰富菜品，注重食品安全
女,26-35岁,了解,预制菜|买菜做饭|方便面类食物,价格实惠|干净卫生|地点上方便|时间上便捷,几乎每天,几乎每天,几乎每天,几乎每天,30-40元,生鲜超市|熟食店,会，大品牌放心可靠。,正大,食品安全问题,方便快捷很好
女,18-25岁,了解,外卖,价格实惠,约一个礼拜一次,几乎每天,约一个月一次,约一个礼拜一次,30-40元,电商平台,会，大品牌放心可靠。,正大,菜品种类问题,/
女,18-25岁,了解,外卖|买菜做饭,口味多样|地点上方便,约一个礼拜一次,约一个礼拜一次,约一个月一次,约一个礼拜一次,10-20元|30-40元,电商平台,会，大品牌放心可靠。,正大|京东生鲜,菜品种类问题|食品安全问题,无
女,26-35岁,了解,堂食|外卖|打包自提|预制菜|买菜做饭|方便面类食物,价格实惠|口味多样|干净卫生|地点上方便,约一个礼拜一次,约一个月一次,约一个礼拜一次,约一个礼拜一次,10-20元|20-30元|30-40元|40元及以上,生鲜超市|堂食门店|熟食店,会，大品牌放心可靠。,知味观|自嗨锅|京东生鲜|海底捞,菜品种类问题|购买配送问题,没有
女,26-35岁,不了解,打包自提,时间上便捷,约一个月一次,约一个月一次,几乎不,约一个月一次,40元及以上,堂食门店,不会，更注重口味。,西贝,食品安全问题,没有
女,26-35岁,不了解,方便面类食物,价格实惠|时间上便捷,约一个礼拜一次,几乎不,约一个礼拜一次,约一个礼拜一次,40元及以上,电商平台,不会，更注重口味。,知味观,菜品种类问题,没有
女,18岁以下,了解,预制菜,干净卫生,约一个月一次,约一个月一次,约一个月一次,几乎每天,10-20元,电商平台,不会，更注重口味。,西贝,菜品种类问题,没有
男,18-25岁,了解,预制菜|方便面类食物,地点上方便|时间上便捷,约一个月一次,几乎不,约一个礼拜一次,约一个礼拜一次,20-30元|30-40元,堂食门店|熟食店,不会，更注重口味。,知味观|正大,食品安全问题|购买配送问题,无
男,18-25岁,不了解,堂食|买菜做饭,价格实惠|干净卫生,几乎每天,约一个礼拜一次,约一个礼拜一次,几乎每天,20-30元|30-40元,生鲜超市|熟食店,会，大品牌放心可靠。,自嗨锅|京东生鲜,价格问题|食品安全问题,无^
男,18-25岁,了解,外卖|打包自提,口味多样|干净卫生,约一个礼拜一次,约一个礼拜一次,几乎每天,约一个礼拜一次,20-30元,电商平台,会，大品牌放心可靠。,正大|自嗨锅,菜品种类问题,1
女,26-35岁,了解,堂食|打包自提|预制菜,干净卫生|地点上方便,约一个礼拜一次,约一个礼拜一次,几乎每天,约一个月一次,20-30元|30-40元,生鲜超市|电商平台,会，大品牌放心可靠。,知味观|正大,菜品种类问题|食品安全问题,保证健康安全的同时注重营养搭配
男,26-35岁,不了解,外卖|打包自提,干净卫生|地点上方便,约一个月一次,几乎每天,约一个月一次,约一个月一次,20-30元,堂食门店,不会，更注重口味。,正大|自嗨锅,食品安全问题,wu
女,26-35岁,了解,外卖|打包自提,口味多样,约一个礼拜一次,约一个礼拜一次,约一个礼拜一次,几乎每天,20-30元,生鲜超市,会，大品牌放心可靠。,正大|自嗨锅|西贝,价格问题|菜品种类问题,挺好的
男,18-25岁,了解,堂食|外卖|打包自提,价格实惠|口味多样|干净卫生,几乎每天,几乎每天,约一个礼拜一次,约一个月一次,10-20元|20-30元,生鲜超市|电商平台|堂食门店,会，大品牌放心可靠。,知味观|正大|自嗨锅,价格问题,无
女,26-35岁,了解,堂食|打包自提|预制菜|买菜做饭,价格实惠|口味多样|干净卫生|地点上方便|时间上便捷,几乎每天,约一个礼拜一次,几乎每天,约一个礼拜一次,20-30元,生鲜超市|电商平台,会，大品牌放心可靠。,正大|自嗨锅|西贝|京东生鲜|海底捞,价格问题|菜品种类问题|食品安全问题|购买配送问题,性价比提高
男,26-35岁,了解,外卖,口味多样,约一个礼拜一次,约一个礼拜一次,约一个礼拜一次,约一个礼拜一次,20-30元,电商平台,不会，更注重口味。,自嗨锅,食品安全问题,没有
女,36-45岁,了解,堂食|打包自提|预制菜,口味多样|干净卫生,约一个月一次,约一个礼拜一次,约一个礼拜一次,约一个月一次,40元及以上,生鲜超市|电商平台,不会，更注重口味。,知味观|正大|自嗨锅,菜品种类问题|食品安全问题,无
女,18-25岁,不了解,买菜做饭,干净卫生,约一个月一次,约一个月一次,几乎每天,几乎每天,20-30元,生鲜超市,会，大品牌放心可靠。,自嗨锅|海底捞,食品安全问题,不清楚
男,26-35岁,了解,打包自提|预制菜|买菜做饭,价格实惠|口味多样|时间上便捷,约一个礼拜一次,约一个礼拜一次,几乎每天,约一个月一次,10-20元|20-30元|30-40元|40元及以上,生鲜超市|熟食店,会，大品牌放心可靠。,正大|自嗨锅|京东生鲜|海底捞,价格问题|菜品种类问题|食品安全问题,希望预制菜的新鲜及安全问题要引起重视
男,18-25岁,了解,外卖,地点上方便,约一个月一次,约一个月一次,约一个月一次,约一个礼拜一次,20-30元|30-40元,电商平台|堂食门店,会，大品牌放心可靠。,自嗨锅|西贝|海底捞,菜品种类问题|食品安全问题,w
男,18-25岁,不了解,堂食|外卖|打包自提,口味多样|干净卫生,约一个月一次,约一个月一次,几乎每天,几乎每天,20-30元,生鲜超市|电商平台,会，大品牌放心可靠。,正大|自嗨锅,菜品种类问题|食品安全问题,无
男,18-25岁,了解,外卖,口味多样,约一个礼拜一次,几乎每天,约一个礼拜一次,约一个礼拜一次,20-30元,生鲜超市|电商平台,会，大品牌放心可靠。,自嗨锅,菜品种类问题,没有
男,18-25岁,了解,打包自提|预制菜|买菜做饭,口味多样|地点上方便,约一个礼拜一次,约一个礼拜一次,约一个月一次,约一个月一次,30-40元,堂食门店,不会，更注重口味。,知味观|西贝,菜品种类问题,无
男,26-35岁,不了解,堂食,干净卫生,约一个月一次,约一个月一次,约一个月一次,约一个礼拜一次,30-40元,生鲜超市,不会，更注重口味。,西贝|海底捞,菜品种类问题,无
男,18-25岁,了解,堂食|外卖,价格实惠|口味多样|干净卫生|地点上方便|时间上便捷,几乎每天,几乎每天,约一个礼拜一次,几乎不,10-20元|20-30元,生鲜超市|堂食门店|熟食店,不会，更注重口味。,知味观|京东生鲜,价格问题|菜品种类问题|食品安全问题|购买配送问题,预制菜的包装以及产品质量
女,18-25岁,不了解,预制菜,干净卫生,约一个月一次,约一个礼拜一次,约一个月一次,约一个月一次,20-30元,电商平台,不会，更注重口味。,西贝,菜品种类问题,。。
男,18-25岁,了解,外卖,时间上便捷,几乎每天,几乎每天,几乎每天,几乎每天,20-30元,生鲜超市|电商平台|堂食门店|熟食店,会，大品牌放心可靠。,知味观|正大|自嗨锅|西贝|京东生鲜|海底捞,购买配送问题,多加点量
男,18-25岁,不了解,堂食|外卖,价格实惠|地点上方便,约一个礼拜一次,约一个礼拜一次,几乎不,几乎不,30-40元,熟食店,会，大品牌放心可靠。,正大|自嗨锅|海底捞,食品安全问题|购买配送问题,质量
男,26-35岁,不了解,外卖|预制菜,口味多样|地点上方便,约一个礼拜一次,约一个月一次,约一个月一次,约一个礼拜一次,20-30元,电商平台,会，大品牌放心可靠。,自嗨锅|京东生鲜,菜品种类问题|食品安全问题,无
女,18岁以下,了解,外卖,干净卫生,约一个礼拜一次,几乎不,约一个礼拜一次,约一个礼拜一次,20-30元,电商平台,会，大品牌放心可靠。,知味观|海底捞,价格问题,是
男,26-35岁,不了解,堂食|打包自提,口味多样|干净卫生|地点上方便,约一个月一次,约一个礼拜一次,约一个月一次,约一个月一次,20-30元,生鲜超市|电商平台|熟食店,会，大品牌放心可靠。,知味观|自嗨锅,菜品种类问题|购买配送问题,无
女,18-25岁,了解,堂食,口味多样,几乎每天,几乎每天,几乎每天,几乎每天,10-20元,生鲜超市,会，大品牌放心可靠。,知味观,价格问题,0
男,18-25岁,了解,外卖|预制菜,干净卫生|地点上方便,约一个月一次,约一个礼拜一次,约一个礼拜一次,约一个月一次,20-30元,电商平台,不会，更注重口味。,正大,菜品种类问题,卫生
男,36-45岁,不了解,堂食|外卖|打包自提|买菜做饭|方便面类食物,干净卫生|地点上方便,约一个月一次,几乎不,几乎不,几乎每天,30-40元,生鲜超市|电商平台,会，大品牌放心可靠。,自嗨锅,食品安全问题|购买配送问题,无
女,26-35岁,不了解,堂食|外卖,干净卫生|地点上方便,约一个月一次,几乎每天,约一个礼拜一次,几乎每天,20-30元|30-40元,生鲜超市|电商平台,会，大品牌放心可靠。,知味观|正大,价格问题|菜品种类问题,没有
女,36-45岁,了解,买菜做饭,口味多样|干净卫生,约一个礼拜一次,约一个月一次,约一个礼拜一次,约一个礼拜一次,20-30元,生鲜超市|堂食门店,会，大品牌放心可靠。,自嗨锅|海底捞,价格问题|菜品种类问题|购买配送问题,干净
男,26-35岁,不了解,买菜做饭|方便面类食物,价格实惠|口味多样|干净卫生|时间上便捷,约一个礼拜一次,约一个礼拜一次,约一个月一次,约一个礼拜一次,10-20元|20-30元,生鲜超市|熟食店,不会，更注重口味。,西贝|京东生鲜,价格问题|菜品种类问题|食品安全问题|购买配送问题,无
男,26-35岁,了解,堂食|外卖,价格实惠|口味多样,约一个礼拜一次,约一个礼拜一次,约一个礼拜一次,约一个月一次,10-20元|20-30元,生鲜超市|电商平台,会，大品牌放心可靠。,知味观|正大,价格问题|菜品种类问题,无
女,26-35岁,不了解,外卖,干净卫生,几乎每天,约一个月一次,约一个月一次,几乎每天,10-20元,生鲜超市,不会，更注重口味。,正大|自嗨锅,价格问题|菜品种类问题,没有
男,26-35岁,了解,外卖|打包自提,价格实惠|干净卫生,约一个月一次,约一个月一次,约一个礼拜一次,约一个礼拜一次,20-30元|30-40元,电商平台|熟食店,会，大品牌放心可靠。,西贝|海底捞,菜品种类问题|购买配送问题,龙
女,26-35岁,了解,外卖|预制菜|方便面类食物,口味多样|地点上方便|时间上便捷,约一个礼拜一次,约一个礼拜一次,几乎每天,约一个月一次,20-30元,生鲜超市,会，大品牌放心可靠。,正大|自嗨锅|京东生鲜,价格问题|菜品种类问题|食品安全问题,加强食品安全问题关注
男,18-25岁,了解,堂食|打包自提|预制菜,价格实惠|干净卫生|地点上方便,约一个礼拜一次,约一个月一次,约一个礼拜一次,约一个月一次,20-30元,生鲜超市|电商平台,会，大品牌放心可靠。,正大|自嗨锅,价格问题|食品安全问题,无
男,26-35岁,不了解,堂食,价格实惠|口味多样,约一个礼拜一次,约一个礼拜一次,约一个礼拜一次,几乎每天,20-30元,生鲜超市,会，大品牌放心可靠。,正大|京东生鲜,价格问题|食品安全问题,卫生质量非常重要
女,26-35岁,了解,外卖|打包自提|预制菜|买菜做饭,口味多样|干净卫生|地点上方便|时间上便捷,约一个礼拜一次,约一个礼拜一次,约一个礼拜一次,约一个礼拜一次,20-30元,生鲜超市,会，大品牌放心可靠。,正大|自嗨锅|京东生鲜|海底捞,菜品种类问题|食品安全问题,无
女,26-35岁,不了解,打包自提,地点上方便,几乎不,几乎不,约一个礼拜一次,约一个礼拜一次,30-40元,电商平台,不会，更注重口味。,正大,食品安全问题,狠抓
女,36-45岁,了解,外卖|预制菜|方便面类食物,价格实惠|地点上方便,约一个礼拜一次,约一个礼拜一次,几乎每天,几乎每天,20-30元,生鲜超市,会，大品牌放心可靠。,正大|自嗨锅|海底捞,价格问题|食品安全问题,提质量
男,26-35岁,了解,堂食|外卖|预制菜|买菜做饭,价格实惠|口味多样|时间上便捷,约一个月一次,约一个礼拜一次,约一个礼拜一次,约一个礼拜一次,20-30元,电商平台,会，大品牌放心可靠。,知味观|正大|自嗨锅,菜品种类问题|食品安全问题,无意见
男,18-25岁,不了解,外卖,干净卫生,约一个月一次,约一个月一次,约一个礼拜一次,几乎每天,30-40元,电商平台,不会，更注重口味。,自嗨锅,菜品种类问题,1111
男,18-25岁,不了解,外卖|打包自提,口味多样|干净卫生,约一个礼拜一次,约一个礼拜一次,几乎每天,几乎每天,20-30元,电商平台|堂食门店,会，大品牌放心可靠。,自嗨锅|西贝,菜品种类问题|食品安全问题,0
女,26-35岁,了解,买菜做饭,价格实惠|干净卫生,约一个礼拜一次,约一个礼拜一次,几乎每天,几乎不,30-40元,堂食门店|熟食店,会，大品牌放心可靠。,正大|自嗨锅|西贝|京东生鲜|海底捞,价格问题|菜品种类问题|食品安全问题|购买配送问题,包装改善
女,36-45岁,了解,堂食,地点上方便|时间上便捷,几乎不,几乎不,约一个月一次,几乎不,20-30元,生鲜超市|电商平台|堂食门店|熟食店,会，大品牌放心可靠。,自嗨锅|西贝|京东生鲜,价格问题|菜品种类问题|食品安全问题,口味不如堂食的好
男,26-35岁,不了解,外卖|预制菜|买菜做饭,价格实惠|口味多样|干净卫生,几乎每天,约一个月一次,约一个月一次,约一个礼拜一次,10-20元,电商平台|堂食门店|熟食店,不会，更注重口味。,正大|西贝|京东生鲜|海底捞,价格问题|菜品种类问题|食品安全问题,无
男,18-25岁,了解,预制菜,口味多样|干净卫生|地点上方便,约一个礼拜一次,约一个礼拜一次,约一个礼拜一次,约一个礼拜一次,20-30元,生鲜超市|电商平台,会，大品牌放心可靠。,正大|自嗨锅|京东生鲜,价格问题|菜品种类问题|食品安全问题|购买配送问题,保证市场监管到位，保证产品质量
男,26-35岁,了解,堂食|买菜做饭,价格实惠|口味多样|干净卫生,约一个礼拜一次,约一个礼拜一次,约一个礼拜一次,约一个月一次,10-20元|20-30元,生鲜超市,会，大品牌放心可靠。,正大|自嗨锅,价格问题|菜品种类问题|食品安全问题,无
